line_number,record_type,address_line1,company_name,date,fax,first_name,initials,last_name,phone,record_type,status
2,1,1,,,,,,,,1,
3,0,,PARKER HANNIFIN CORPORATION,,,,,,,0,
4,unknown,,O-SEAL DIVISION,,(619) 661-7000,661-70,619),00,(619) 661-7000,,PH# (
5,unknown,85588-000      009   05/23/12,7664 PANASONIC WAY,,(619) 671-3208,671-32,619),08,(619) 671-3208,,FAX (
6,unknown,,"SAN DIEGO, CA 92154",,,,,,,,
7,-,,,,,,,,,-,
8,unknown,,PARKER HANNIFIN CORPORATION,DESENCO IN,,,,,,,C
9,unknown,,O-SEAL DIVISION,1938 SOUTH,NGTON RD,RD,GTON,,NGTON RD,,ARLIN
10,unknown,,7664 PANASONIC WAY,,,,,,,,
11,unknown,,"SAN DIEGO, CA 92154","AKRON, OH",,,,,,,44306
13,unknown,,,,3307241200,33072,,41200,3307241200,,
14,0,,,,,,,,,0,
15,unknown,X,DEX 090400                           X,028511153  N,PROX ORIGIN      FE,ORIGIN,PROX,F,PROX ORIGIN      FE,,ET 20
16,-,,          ,04/09/12,BD   BRIAN DEARB  ,BRIAN,BD,DEARB,BD   BRIAN DEARB  ,-,E
17,0,,,,,,,,,0,
19,0,31697,C0,01        EA,211401 3 PLATE MOLD,3 PLA,11401,TE MOLD,211401 3 PLATE MOLD,0,75-2
21,*S,,,EE QUOTE # 3,,,,,,*S,6217*
22,TR,,,ACKING: 8585,767,,67,,767,TR,837737
24,0,"31697      510.0000    1,020.00",05/31/12           C0,02    2.0 EA,TOM CAVITY INSERT,VITY I,OM CA,NSERT,TOM CAVITY INSERT,0,BOTT
26,RA,,,W MATERIAL B,,,,,,RA,LANK
28,0,31697,C0,03        EA,HINED BOTTOM INSERT,BOTTOM,INED,INSERT,HINED BOTTOM INSERT,0,MACH
31,0,"31697    2,730.0000    2,730.00",05/31/12           C0,04    1.0 EA,211401 CENTER PLATE,CENTE,11401,R PLATE,211401 CENTER PLATE,0,75-2
33,CA,,,NCELLED,,,,,,CA,
35,0,31697,C0,05        EA,EDITE FEE,FEE,DITE,,EDITE FEE,0,EXPE
36,unknown,,,,C,,,,C,,MISC
38,0,"31697    3,060.0000    3,060.00",06/06/12           C0,06    1.0 EA,UT TOP CAVITY PLATE,CAVIT,T TOP,Y PLATE,UT TOP CAVITY PLATE,0,RECU
40,SE,,,E QUOTE # 36,,,,,,SE,318
41,0,NUED,CONTI,,,,,,,0,
42,1,,,,,,,,,1,
43,1,2,,,,,,,,1,
44,0,,PARKER HANNIFIN CORPORATION,,,,,,,0,
45,unknown,,O-SEAL DIVISION,,(619) 661-7000,661-70,619),00,(619) 661-7000,,PH# (
46,unknown,85588-000      009   05/23/12,7664 PANASONIC WAY,,(619) 671-3208,671-32,619),08,(619) 671-3208,,FAX (
47,unknown,,"SAN DIEGO, CA 92154",,,,,,,,
48,-,,,,,,,,,-,
49,unknown,,PARKER HANNIFIN CORPORATION,DESENCO IN,,,,,,,C
50,unknown,,O-SEAL DIVISION,1938 SOUTH,NGTON RD,RD,GTON,,NGTON RD,,ARLIN
51,unknown,,7664 PANASONIC WAY,,,,,,,,
52,unknown,,"SAN DIEGO, CA 92154","AKRON, OH",,,,,,,44306
54,unknown,,,,3307241200,33072,,41200,3307241200,,
55,0,,,,,,,,,0,
56,unknown,X,DEX 090400                           X,028511153  N,PROX ORIGIN      FE,ORIGIN,PROX,F,PROX ORIGIN      FE,,ET 20
57,-,,          ,04/09/12,BD   BRIAN DEARB  ,BRIAN,BD,DEARB,BD   BRIAN DEARB  ,-,E
58,0,,,,,,,,,0,
64,0,"31697    3,770.0000    3,770.00",06/06/12           C0,07    1.0 EA,HINE BOTTOM INSERT,OTTOM,INE B,INSERT,HINE BOTTOM INSERT,0,MACH
66,SE,,,E QUOTE # 36,,,,,,SE,318
68,0,"31697    2,110.0000    2,110.00",06/06/12           C0,08    1.0 EA,KLON PLATING,LATING,LON P,,KLON PLATING,0,NICK
70,SE,,,E QUOTE # 36,,,,,,SE,318
82,unknown,TOTAL   12690.00,,,,,,,,,
83,1,,,,,,,,,1,
84,1,1,,,,,,,,1,
85,0,,PARKER HANNIFIN CORPORATION,,,,,,,0,
86,unknown,,O-SEAL DIVISION,,(619) 661-7000,661-70,619),00,(619) 661-7000,,PH# (
87,unknown,85922-000      001   05/23/12,7664 PANASONIC WAY,,(619) 671-3208,671-32,619),08,(619) 671-3208,,FAX (
88,unknown,,"SAN DIEGO, CA 92154",,,,,,,,
89,-,,,,,,,,,-,
90,unknown,,PARKER HANNIFIN CORPORATION,R&D PRECIC,ANUFACTURE INC,TURE I,NUFAC,NC,ANUFACTURE INC,,ION MA
91,unknown,,O-SEAL DIVISION,800 FAULST,OURT,,URT,,OURT,,ICH CO
92,unknown,,7664 PANASONIC WAY,,,,,,,,
93,unknown,,"SAN DIEGO, CA 92154","SAN JOSE,",112,,12,,112,,CA 951
95,unknown,,,,4084520882,40845,,20882,4084520882,,
96,0,,,,,,,,,0,
97,unknown,X     X,UTING LETT,068233116  N,PROX ORIGIN      RO,ORIGIN,PROX,R,PROX ORIGIN      RO,,ET 60
98,-,,          ,05/02/12,DL   DANNY LEUNG  ,DANNY,DL,LEUNG,DL   DANNY LEUNG  ,-,I
99,0,,,,,,,,,0,
101,0,"C310005    344.5700    6,891.40",06/01/12           1A,01   20.0 EA,207110-1,-1,07110,,207110-1,0,50-2
102,unknown,"344.5700   13,782.80",1 DWG              06/15/12,40.0,COMP PER 52-207110-,PER 52,COMP,-207110,COMP PER 52-207110-,,MFR
103,unknown,"344.5700   13,782.80",1 DWG              06/22/12,40.0,COMP PER 52-207110-,PER 52,COMP,-207110,COMP PER 52-207110-,,MFR
104,unknown,"344.5700    6,891.40",1 DWG              06/27/12,20.0,COMP PER 52-207110-,PER 52,COMP,-207110,COMP PER 52-207110-,,MFR
105,unknown,,,***,REV H      SQR,S,EV H,QR,REV H      SQR,,DWG R
123,unknown,TOTAL   41348.40,,,,,,,,,
124,1,,,,,,,,,1,
125,1,1,,,,,,,,1,
126,0,,PARKER HANNIFIN CORPORATION,,,,,,,0,
127,unknown,,O-SEAL DIVISION,,(619) 661-7000,661-70,619),00,(619) 661-7000,,PH# (
128,unknown,85923-000      002   05/23/12,7664 PANASONIC WAY,,(619) 671-3208,671-32,619),08,(619) 671-3208,,FAX (
129,unknown,,"SAN DIEGO, CA 92154",,,,,,,,
130,-,,,,,,,,,-,
131,unknown,,PARKER HANNIFIN CORPORATION,R&D PRECIC,ANUFACTURE INC,TURE I,NUFAC,NC,ANUFACTURE INC,,ION MA
132,unknown,,O-SEAL DIVISION,800 FAULST,OURT,,URT,,OURT,,ICH CO
133,unknown,,7664 PANASONIC WAY,,,,,,,,
134,unknown,,"SAN DIEGO, CA 92154","SAN JOSE,",112,,12,,112,,CA 951
136,unknown,,,,4084520882,40845,,20882,4084520882,,
137,0,,,,,,,,,0,
138,unknown,X     X,UTING LETT,068233116  N,PROX ORIGIN      RO,ORIGIN,PROX,R,PROX ORIGIN      RO,,ET 60
139,-,,          ,05/02/12,DL   DANNY LEUNG  ,DANNY,DL,LEUNG,DL   DANNY LEUNG  ,-,I
140,0,,,,,,,,,0,
142,0,"C310005    346.8900    6,244.02",05/24/12           1A,01   18.0 EA,205291,,05291,,205291,0,50-2
143,unknown,"346.8900    6,244.02",291 DWG            06/01/12,18.0,COMPLETE PER 52-205,ETE PE,COMPL,R 52-20,COMPLETE PER 52-205,,MFR
144,unknown,"346.8900    4,162.68",291 DWG            06/08/12,12.0,COMPLETE PER 52-205,ETE PE,COMPL,R 52-20,COMPLETE PER 52-205,,MFR
145,unknown,"346.8900    4,162.68",291 DWG            06/15/12,12.0,COMPLETE PER 52-205,ETE PE,COMPL,R 52-20,COMPLETE PER 52-205,,MFR
146,unknown,"346.8900    4,162.68",291 DWG            06/22/12,12.0,COMPLETE PER 52-205,ETE PE,COMPL,R 52-20,COMPLETE PER 52-205,,MFR
147,unknown,"346.8900    4,162.68",291 DWG            06/29/12,12.0,COMPLETE PER 52-205,ETE PE,COMPL,R 52-20,COMPLETE PER 52-205,,MFR
148,unknown,"346.8900    4,162.68",291 DWG            07/06/12,12.0,COMPLETE PER 52-205,ETE PE,COMPL,R 52-20,COMPLETE PER 52-205,,MFR
149,unknown,,,***,REV F      SQR,S,EV F,QR,REV F      SQR,,DWG R
164,unknown,TOTAL   33301.44,,,,,,,,,
165,1,,,,,,,,,1,
166,1,1,,,,,,,,1,
167,0,,PARKER HANNIFIN CORPORATION,,,,,,,0,
168,unknown,,O-SEAL DIVISION,,(619) 661-7000,661-70,619),00,(619) 661-7000,,PH# (
169,unknown,85924-000      001   05/23/12,7664 PANASONIC WAY,,(619) 671-3208,671-32,619),08,(619) 671-3208,,FAX (
170,unknown,,"SAN DIEGO, CA 92154",,,,,,,,
171,-,,,,,,,,,-,
172,unknown,,PARKER HANNIFIN CORPORATION,R&D PRECIC,ANUFACTURE INC,TURE I,NUFAC,NC,ANUFACTURE INC,,ION MA
173,unknown,,O-SEAL DIVISION,800 FAULST,OURT,,URT,,OURT,,ICH CO
174,unknown,,7664 PANASONIC WAY,,,,,,,,
175,unknown,,"SAN DIEGO, CA 92154","SAN JOSE,",112,,12,,112,,CA 951
177,unknown,,,,4084520882,40845,,20882,4084520882,,
178,0,,,,,,,,,0,
179,unknown,X     X,UTING LETT,068233116  N,PROX ORIGIN      RO,ORIGIN,PROX,R,PROX ORIGIN      RO,,ET 60
180,-,,          ,05/02/12,DL   DANNY LEUNG  ,DANNY,DL,LEUNG,DL   DANNY LEUNG  ,-,I
181,0,,,,,,,,,0,
183,0,"C310005    582.6900   20,394.15",06/01/12           1A,01   35.0 EA,205105,,05105,,205105,0,50-2
184,unknown,"582.6900   13,984.56",105 DWG            06/22/12,24.0,COMPLETE PER 52-205,ETE PE,COMPL,R 52-20,COMPLETE PER 52-205,,MFR
185,unknown,"582.6900   13,984.56",105 DWG            06/29/12,24.0,COMPLETE PER 52-205,ETE PE,COMPL,R 52-20,COMPLETE PER 52-205,,MFR
186,unknown,"582.6900   12,819.18",105 DWG            07/06/12,22.0,COMPLETE PER 52-205,ETE PE,COMPL,R 52-20,COMPLETE PER 52-205,,MFR
187,unknown,,,***,REV B      SQR,S,EV B,QR,REV B      SQR,,DWG R
205,unknown,TOTAL   61182.45,,,,,,,,,
206,1,,,,,,,,,1,
207,1,1,,,,,,,,1,
208,0,,PARKER HANNIFIN CORPORATION,,,,,,,0,
209,unknown,,O-SEAL DIVISION,,(619) 661-7000,661-70,619),00,(619) 661-7000,,PH# (
210,unknown,85925-000      002   05/23/12,7664 PANASONIC WAY,,(619) 671-3208,671-32,619),08,(619) 671-3208,,FAX (
211,unknown,,"SAN DIEGO, CA 92154",,,,,,,,
212,-,,,,,,,,,-,
213,unknown,,PARKER HANNIFIN CORPORATION,R&D PRECIC,ANUFACTURE INC,TURE I,NUFAC,NC,ANUFACTURE INC,,ION MA
214,unknown,,O-SEAL DIVISION,800 FAULST,OURT,,URT,,OURT,,ICH CO
215,unknown,,7664 PANASONIC WAY,,,,,,,,
216,unknown,,"SAN DIEGO, CA 92154","SAN JOSE,",112,,12,,112,,CA 951
218,unknown,,,,4084520882,40845,,20882,4084520882,,
219,0,,,,,,,,,0,
220,unknown,X     X,UTING LETT,068233116  N,PROX ORIGIN      RO,ORIGIN,PROX,R,PROX ORIGIN      RO,,ET 60
221,-,,          ,05/02/12,DL   DANNY LEUNG  ,DANNY,DL,LEUNG,DL   DANNY LEUNG  ,-,I
222,0,,,,,,,,,0,
224,0,C310005,1A,01        EA,968378,,68378,,968378,0,50-9
225,unknown,,378 DWG,,COMPLETE PER 52-968,ETE PE,COMPL,R 52-96,COMPLETE PER 52-968,,MFR
226,unknown,"117.5700    2,116.26",378 DWG            05/24/12,18.0,COMPLETE PER 52-968,ETE PE,COMPL,R 52-96,COMPLETE PER 52-968,,MFR
227,unknown,"117.5700    2,116.26",378 DWG            05/31/12,18.0,COMPLETE PER 52-968,ETE PE,COMPL,R 52-96,COMPLETE PER 52-968,,MFR
228,unknown,"117.5700    2,821.68",378 DWG            06/08/12,24.0,COMPLETE PER 52-968,ETE PE,COMPL,R 52-96,COMPLETE PER 52-968,,MFR
229,unknown,"117.5700    1,645.98",378 DWG            06/15/12,14.0,COMPLETE PER 52-968,ETE PE,COMPL,R 52-96,COMPLETE PER 52-968,,MFR
230,unknown,,,***,REV F      SQR,S,EV F,QR,REV F      SQR,,DWG R
246,unknown,TOTAL    8700.18,,,,,,,,,
247,1,,,,,,,,,1,
248,1,1,,,,,,,,1,
249,0,,PARKER HANNIFIN CORPORATION,,,,,,,0,
250,unknown,,O-SEAL DIVISION,,(619) 661-7000,661-70,619),00,(619) 661-7000,,PH# (
251,unknown,86017-000      001   05/23/12,7664 PANASONIC WAY,,(619) 671-3208,671-32,619),08,(619) 671-3208,,FAX (
252,unknown,,"SAN DIEGO, CA 92154",,,,,,,,
253,-,,,,,,,,,-,
254,unknown,,PARKER HANNIFIN CORPORATION,SSI MANUFA,NG TECHNOLOGIES,HNOLOG,G TEC,IES,NG TECHNOLOGIES,,CTURIN
255,unknown,,O-SEAL DIVISION,675 EMMETT,ET,,T,,ET,,STREE
256,unknown,,7664 PANASONIC WAY,,,,,,,,
257,unknown,,"SAN DIEGO, CA 92154","BRISTOL, C",102,,02,,102,,T 0601
259,unknown,,,,8605898004,86058,,98004,8605898004,,
260,0,,,,,,,,,0,
261,unknown,X     X,UTING LETT,076356769  N,PROX ORIGIN      RO,ORIGIN,PROX,R,PROX ORIGIN      RO,,ET 60
262,-,,          ,05/09/12,DL   DANNY LEUNG  ,DANNY,DL,LEUNG,DL   DANNY LEUNG  ,-,O
263,0,,,,,,,,,0,
265,0,"C310001     30.3100   27,279.00",07/23/12 010 -91C0 08,01  900.0 EA,2-2001-0143,-0143,-2001,,2-2001-0143,0,8812
266,unknown,,,,AL-V-SEAL,EAL,L-V-S,,AL-V-SEAL,,META
267,unknown,,,***,REV B      SQR,S,EV B,QR,REV B      SQR,,DWG R
287,unknown,TOTAL   27279.00,,,,,,,,,
288,1,,,,,,,,,1,
289,1,1,,,,,,,,1,
290,0,,PARKER HANNIFIN CORPORATION,,,,,,,0,
291,unknown,,O-SEAL DIVISION,,(619) 661-7000,661-70,619),00,(619) 661-7000,,PH# (
292,unknown,86138-000      003   05/23/12,7664 PANASONIC WAY,,(619) 671-3208,671-32,619),08,(619) 671-3208,,FAX (
293,unknown,,"SAN DIEGO, CA 92154",,,,,,,,
294,-,,,,,,,,,-,
295,unknown,,PARKER HANNIFIN CORPORATION,MARKING ME,INC,,INC,,INC,,THODS
296,unknown,,O-SEAL DIVISION,301 S RAYM,VE,,E,,VE,,OND AV
297,unknown,,7664 PANASONIC WAY,,,,,,,,
298,unknown,,"SAN DIEGO, CA 92154","ALHAMBRA,",803,,03,,803,,CA 918
300,unknown,,,,6262828823,62628,,28823,6262828823,,
301,0,,,,,,,,,0,
302,unknown,X     X,UTING LETT,054803004  N,PROX ORIGIN      RO,ORIGIN,PROX,R,PROX ORIGIN      RO,,ET 20
303,-,,          ,05/16/12,BD   BRIAN DEARB  ,BRIAN,BD,DEARB,BD   BRIAN DEARB  ,-,E
304,0,,,,,,,,,0,
306,0,C311001      5.6666       85.00,05/24/12 810 -0064 54,01   15.0 LT,202,,02,,202,0,2102
307,unknown,,,,K-O-SEAL,AL,-O-SE,,K-O-SEAL,,GASK
308,EL,,,ECTRO ETCH M,ER BLUEPRINT NOTE 14,EPRINT,R BLU,NOTE 1,ER BLUEPRINT NOTE 14,EL,ARK PE
309,99,,,167-B1716136,,,,,,99,
310,V6,,,200412,,,,,,V6,
311,MO,,,: AJ841R / R,/ QTAG: 41650,: 4165,QTAG,0,/ QTAG: 41650,MO,EV B /
313,0,C311001     60.0000       60.00,05/24/12           57,02    1.0 EA,& PLATE FEE,TE FEE,& PLA,,& PLATE FEE,0,ART
328,unknown,TOTAL     145.00,,,,,,,,,
329,1,,,,,,,,,1,
330,1,1,,,,,,,,1,
331,0,,PARKER HANNIFIN CORPORATION,,,,,,,0,
332,unknown,,O-SEAL DIVISION,,(619) 661-7000,661-70,619),00,(619) 661-7000,,PH# (
333,unknown,86168-000      001   05/23/12,7664 PANASONIC WAY,,(619) 671-3208,671-32,619),08,(619) 671-3208,,FAX (
334,unknown,,"SAN DIEGO, CA 92154",,,,,,,,
335,-,,,,,,,,,-,
336,unknown,,PARKER HANNIFIN CORPORATION,HIXSON MET,NISHING,G,ISHIN,,NISHING,,AL FIN
337,unknown,,O-SEAL DIVISION,829 PRODUC,PL,,L,,PL,,TION P
338,unknown,,7664 PANASONIC WAY,,,,,,,,
339,unknown,,"SAN DIEGO, CA 92154",NEWPORT BE,CA 92663,63,A 926,,CA 92663,,"ACH, C"
341,unknown,,,,9496454800,94964,,54800,9496454800,,
342,0,,,,,,,,,0,
343,unknown,X     X,PPLIER TRU,042728112  N,PROX DESTINATION SU,DESTIN,PROX,ATION S,PROX DESTINATION SU,,ET 60
344,-,,          ,05/17/12,BD   BRIAN DEARB  ,BRIAN,BD,DEARB,BD   BRIAN DEARB  ,-,O
345,0,,,,,,,,,0,
347,0,C310001      1.5384       60.00,05/25/12 140 -64C0 08,01   39.0 LT,958047,,58047,,958047,0,50-9
348,unknown,,,,E IN-HOUSE,OUSE,IN-H,,E IN-HOUSE,,MAKE
349,unknown,,,***,REV H      SQR,S,EV H,QR,REV H      SQR,,DWG R
369,unknown,TOTAL      60.00,,,,,,,,,
370,1,,,,,,,,,1,
371,1,1,,,,,,,,1,
372,0,,PARKER HANNIFIN CORPORATION,,,,,,,0,
373,unknown,,O-SEAL DIVISION,,(619) 661-7000,661-70,619),00,(619) 661-7000,,PH# (
374,unknown,86178-000      001   05/23/12,7664 PANASONIC WAY,,(619) 671-3208,671-32,619),08,(619) 671-3208,,FAX (
375,unknown,,"SAN DIEGO, CA 92154",,,,,,,,
376,-,,,,,,,,,-,
377,unknown,,PARKER HANNIFIN CORPORATION,MARKING ME,INC,,INC,,INC,,THODS
378,unknown,,O-SEAL DIVISION,301 S RAYM,VE,,E,,VE,,OND AV
379,unknown,,7664 PANASONIC WAY,,,,,,,,
380,unknown,,"SAN DIEGO, CA 92154","ALHAMBRA,",80392663,63,03926,,80392663,,CA 918
382,unknown,,,,6262828823,62628,,28823,6262828823,,
383,0,,,,,,,,,0,
384,unknown,X     X,UTING LETT,054803004  N,PROX ORIGIN      RO,ORIGIN,PROX,R,PROX ORIGIN      RO,,ET 20
385,-,,          ,05/17/12,BD   BRIAN DEARB  ,BRIAN,BD,DEARB,BD   BRIAN DEARB  ,-,O
386,0,,,,,,,,,0,
388,0,C310001      0.8500      355.30,05/25/12 050 -64C0 08,01  418.0 EA,928431-1,-1,28431,,928431-1,0,50-9
390,unknown,,,***,REV NC     SQR,S,EV NC,QR,REV NC     SQR,,DWG R
410,unknown,TOTAL     355.30,,,,,,,,,
411,1,,,,,,,,,1,
412,1,1,,,,,,,,1,
413,0,,PARKER HANNIFIN CORPORATION,,,,,,,0,
414,unknown,,O-SEAL DIVISION,,(619) 661-7000,661-70,619),00,(619) 661-7000,,PH# (
415,unknown,86196-000      001   05/23/12,7664 PANASONIC WAY,,(619) 671-3208,671-32,619),08,(619) 671-3208,,FAX (
416,unknown,,"SAN DIEGO, CA 92154",,,,,,,,
417,-,,,,,,,,,-,
418,unknown,,PARKER HANNIFIN CORPORATION,WESTERN AM,N SPECIALTIES,IALTIE,SPEC,S,N SPECIALTIES,,ERICAN
419,unknown,,O-SEAL DIVISION,11520 JEFF,BLVD #214,#214,BLVD,,BLVD #214,,ERSON
420,unknown,,7664 PANASONIC WAY,,,,,,,,
421,unknown,,"SAN DIEGO, CA 92154",CULVER CIT,9023063,63,90230,,9023063,,"Y, CA"
423,unknown,,,,3103979896,31039,,79896,3103979896,,
424,0,,,,,,,,,0,
425,unknown,X,NTACT BUYE                           X,086561570  N,PROX ORIGIN      CO,ORIGIN,PROX,C,PROX ORIGIN      CO,,ET 60
426,-,,          ,05/18/12,BD   BRIAN DEARB  ,BRIAN,BD,DEARB,BD   BRIAN DEARB  ,-,E
427,0,,,,,,,,,0,
429,0,1666A      344.0000      344.00,05/24/12           C3,01    1.0 EA,1750 CL B-2 SEALANT,L B-2,750 C,SEALANT,1750 CL B-2 SEALANT,0,PR-1
431,PI,,,NT KIT,,,,,,PI,
432,TR,,,ACKING: 1ZV9,368603849,849,68603,,368603849,TR,174F03
451,unknown,TOTAL     344.00,,,,,,,,,
452,1,,,,,,,,,1,
453,1,1,,,,,,,,1,
454,0,,PARKER HANNIFIN CORPORATION,,,,,,,0,
455,unknown,,O-SEAL DIVISION,,(619) 661-7000,661-70,619),00,(619) 661-7000,,PH# (
456,unknown,86205-000      001   05/23/12,7664 PANASONIC WAY,,(619) 671-3208,671-32,619),08,(619) 671-3208,,FAX (
457,unknown,,"SAN DIEGO, CA 92154",,,,,,,,
458,-,,,,,,,,,-,
459,unknown,,PARKER HANNIFIN CORPORATION,MARKING ME,INC,,INC,,INC,,THODS
460,unknown,,O-SEAL DIVISION,301 S RAYM,VE,,E,,VE,,OND AV
461,unknown,,7664 PANASONIC WAY,,,,,,,,
462,unknown,,"SAN DIEGO, CA 92154","ALHAMBRA,",80323063,63,03230,,80323063,,CA 918
464,unknown,,,,6262828823,62628,,28823,6262828823,,
465,0,,,,,,,,,0,
466,unknown,X     X,UTING LETT,054803004  N,PROX ORIGIN      RO,ORIGIN,PROX,R,PROX ORIGIN      RO,,ET 20
467,-,,          ,05/21/12,BD   BRIAN DEARB  ,BRIAN,BD,DEARB,BD   BRIAN DEARB  ,-,O
468,0,,,,,,,,,0,
470,0,C310001     21.2500       85.00,05/24/12 100 -64C0 08,01    4.0 LT,115,,15,,115,0,9181
471,unknown,,,,EGRAL SEAL,SEAL,GRAL,,EGRAL SEAL,,INTE
472,unknown,,,***,REV D      SQR,S,EV D,QR,REV D      SQR,,DWG R
474,0,C311001     45.0000       45.00,05/24/12           57,02    1.0 EA,-UP,,UP,,-UP,0,SET-
492,unknown,TOTAL     130.00,,,,,,,,,
493,1,,,,,,,,,1,
494,1,1,,,,,,,,1,
495,0,,PARKER HANNIFIN CORPORATION,,,,,,,0,
496,unknown,,O-SEAL DIVISION,,(619) 661-7000,661-70,619),00,(619) 661-7000,,PH# (
497,unknown,86240-000      000   05/23/12,7664 PANASONIC WAY,,(619) 671-3208,671-32,619),08,(619) 671-3208,,FAX (
498,unknown,,"SAN DIEGO, CA 92154",,,,,,,,
499,-,,,,,,,,,-,
500,unknown,,PARKER HANNIFIN CORPORATION,BARRY AVEN,ATING CO INC,CO INC,TING,,ATING CO INC,,UE PLA
501,unknown,,O-SEAL DIVISION,2210 BARRY,UE,,E,,UE,,AVENU
502,unknown,,7664 PANASONIC WAY,,,,,,,,
503,unknown,,"SAN DIEGO, CA 92154",WEST LOS A,"S, CA 900641488",900641,", CA",488,"S, CA 900641488",,NGELES
505,unknown,,,,3104780078,31047,,80078,3104780078,,
506,0,,,,,,,,,0,
507,unknown,X     X,NDOR TRUCK,011525125  N,PROX DESTINATION VE,DESTIN,PROX,ATION V,PROX DESTINATION VE,,ET 60
508,-,,          ,05/23/12,BD   BRIAN DEARB  ,BRIAN,BD,DEARB,BD   BRIAN DEARB  ,-,O
509,0,,,,,,,,,0,
511,0,C310001      0.7900       47.40,05/29/12 070 -64C0 08,01   60.0 EA,201056,,01056,,201056,0,50-2
512,unknown,,,,AINER,,INER,,AINER,,RETA
513,unknown,,,***,REV A      SQR,S,EV A,QR,REV A      SQR,,DWG R
515,0,C310001      0.8500       76.50,05/29/12 070 -64C0 08,02   90.0 EA,828108-3,-3,28108,,828108-3,0,50-8
516,unknown,,,,AINER,,INER,,AINER,,RETA
517,unknown,,,***,REV U      SQR,S,EV U,QR,REV U      SQR,,DWG R
533,unknown,TOTAL     123.90,,,,,,,,,
534,1,,,,,,,,,1,
535,1,1,,,,,,,,1,
536,0,,PARKER HANNIFIN CORPORATION,,,,,,,0,
537,unknown,,O-SEAL DIVISION,,(619) 661-7000,661-70,619),00,(619) 661-7000,,PH# (
538,unknown,86241-000      000   05/23/12,7664 PANASONIC WAY,,(619) 671-3208,671-32,619),08,(619) 671-3208,,FAX (
539,unknown,,"SAN DIEGO, CA 92154",,,,,,,,
540,-,,,,,,,,,-,
541,unknown,,PARKER HANNIFIN CORPORATION,THYSSENKRU,TERIAL INC,INC,ERIAL,,TERIAL INC,,PP MAT
542,unknown,,O-SEAL DIVISION,DBA KEN-MA,ALS,,LS,,ALS,,C META
543,unknown,,7664 PANASONIC WAY,14066 BORA,REET,,EET,,REET,,TE STR
544,unknown,,"SAN DIEGO, CA 92154",SANTA FE S,"S, CA 906701488",906701,", CA",488,"S, CA 906701488",,PRINGS
546,unknown,,,,5622154394,56221,,54394,5622154394,,
547,0,,,,,,,,,0,
548,unknown,X,NTACT BUYE                           X,049249883  N,PROX ORIGIN      CO,ORIGIN,PROX,C,PROX ORIGIN      CO,,ET 60
549,-,,          ,05/23/12,DL   DANNY LEUNG  ,DANNY,DL,LEUNG,DL   DANNY LEUNG  ,-,E
550,0,,,,,,,,,0,
552,0,52725,C0,01        EA,"2-H32 .080"" X60""X80""",".080""",-H32,"X60""X80","2-H32 .080"" X60""X80""",0,5052
574,unknown,TOTAL        .00,,,,,,,,,
575,1,,,,,,,,,1,
576,1,1,,,,,,,,1,
577,0,,PARKER HANNIFIN CORPORATION,,,,,,,0,
578,unknown,,O-SEAL DIVISION,,(619) 661-7000,661-70,619),00,(619) 661-7000,,PH# (
579,unknown,86242-000      000   05/23/12,7664 PANASONIC WAY,,(619) 671-3208,671-32,619),08,(619) 671-3208,,FAX (
580,unknown,,"SAN DIEGO, CA 92154",,,,,,,,
581,-,,,,,,,,,-,
582,unknown,,PARKER HANNIFIN CORPORATION,BARRY AVEN,ATING CO INC,CO INC,TING,,ATING CO INC,,UE PLA
583,unknown,,O-SEAL DIVISION,2210 BARRY,UE,,E,,UE,,AVENU
584,unknown,,7664 PANASONIC WAY,,,,,,,,
585,unknown,,"SAN DIEGO, CA 92154",WEST LOS A,"S, CA 900641488",900641,", CA",488,"S, CA 900641488",,NGELES
587,unknown,,,,3104780078,31047,,80078,3104780078,,
588,0,,,,,,,,,0,
589,unknown,X     X,NDOR TRUCK,011525125  N,PROX DESTINATION VE,DESTIN,PROX,ATION V,PROX DESTINATION VE,,ET 60
590,-,,          ,05/23/12,BD   BRIAN DEARB  ,BRIAN,BD,DEARB,BD   BRIAN DEARB  ,-,O
591,0,,,,,,,,,0,
593,0,C310001      2.0700      113.85,05/25/12 190 -64C0 08,01   55.0 EA,968196,,68196,,968196,0,50-9
594,unknown,,,,AINER,,INER,,AINER,,RETA
595,unknown,,,***,REV B      SQR,S,EV B,QR,REV B      SQR,,DWG R
597,0,C310001      7.0500       42.30,05/25/12 120 -64C0 08,02    6.0 LT,818211-8,-8,18211,,818211-8,0,50-8
598,unknown,,,,AINER,,INER,,AINER,,RETA
599,unknown,,,***,REV NC     SQR,S,EV NC,QR,REV NC     SQR,,DWG R
601,0,C310001      0.2600       59.28,05/25/12 080 -64C0 08,03  228.0 EA,042862,,42862,,042862,0,50-0
602,unknown,,,,AINER,,INER,,AINER,,RETA
603,unknown,,,***,REV A      SQR,S,EV A,QR,REV A      SQR,,DWG R
605,0,C310001      0.6000        4.20,05/25/12 110 -64C0 08,04    7.0 EA,828140-3,-3,28140,,828140-3,0,50-8
606,unknown,,,,AINER,,INER,,AINER,,RETA
607,unknown,,,***,REV NC     SQR,S,EV NC,QR,REV NC     SQR,,DWG R
615,unknown,TOTAL     219.63,,,,,,,,,
616,1,,,,,,,,,1,
617,1,1,,,,,,,,1,
618,0,,PARKER HANNIFIN CORPORATION,,,,,,,0,
619,unknown,,O-SEAL DIVISION,,(619) 661-7000,661-70,619),00,(619) 661-7000,,PH# (
620,unknown,86243-000      000   05/23/12,7664 PANASONIC WAY,,(619) 671-3208,671-32,619),08,(619) 671-3208,,FAX (
621,unknown,,"SAN DIEGO, CA 92154",,,,,,,,
622,-,,,,,,,,,-,
623,unknown,,PARKER HANNIFIN CORPORATION,BARRY AVEN,ATING CO INC,CO INC,TING,,ATING CO INC,,UE PLA
624,unknown,,O-SEAL DIVISION,2210 BARRY,UE,,E,,UE,,AVENU
625,unknown,,7664 PANASONIC WAY,,,,,,,,
626,unknown,,"SAN DIEGO, CA 92154",WEST LOS A,"S, CA 900641488",900641,", CA",488,"S, CA 900641488",,NGELES
628,unknown,,,,3104780078,31047,,80078,3104780078,,
629,0,,,,,,,,,0,
630,unknown,X     X,NDOR TRUCK,011525125  N,PROX DESTINATION VE,DESTIN,PROX,ATION V,PROX DESTINATION VE,,ET 60
631,-,,          ,05/23/12,BD   BRIAN DEARB  ,BRIAN,BD,DEARB,BD   BRIAN DEARB  ,-,O
632,0,,,,,,,,,0,
634,0,"C310001     15.9500    2,552.00",05/30/12 129 -64C0 08,01  160.0 EA,608,,08,,608,0,2006
635,unknown,,,,K-O-SEAL,AL,-O-SE,,K-O-SEAL,,GASK
636,unknown,,,***,REV H      SQR,S,EV H,QR,REV H      SQR,,DWG R
656,unknown,TOTAL    2552.00,,,,,,,,,
657,1,,,,,,,,,1,
658,1,1,,,,,,,,1,
659,0,,PARKER HANNIFIN CORPORATION,,,,,,,0,
660,unknown,,O-SEAL DIVISION,,(619) 661-7000,661-70,619),00,(619) 661-7000,,PH# (
661,unknown,86244-000      000   05/23/12,7664 PANASONIC WAY,,(619) 671-3208,671-32,619),08,(619) 671-3208,,FAX (
662,unknown,,"SAN DIEGO, CA 92154",,,,,,,,
663,-,,,,,,,,,-,
664,unknown,,PARKER HANNIFIN CORPORATION,BARRY AVEN,ATING CO INC,CO INC,TING,,ATING CO INC,,UE PLA
665,unknown,,O-SEAL DIVISION,2210 BARRY,UE,,E,,UE,,AVENU
666,unknown,,7664 PANASONIC WAY,,,,,,,,
667,unknown,,"SAN DIEGO, CA 92154",WEST LOS A,"S, CA 900641488",900641,", CA",488,"S, CA 900641488",,NGELES
669,unknown,,,,3104780078,31047,,80078,3104780078,,
670,0,,,,,,,,,0,
671,unknown,X     X,NDOR TRUCK,011525125  N,PROX DESTINATION VE,DESTIN,PROX,ATION V,PROX DESTINATION VE,,ET 60
672,-,,          ,05/23/12,BD   BRIAN DEARB  ,BRIAN,BD,DEARB,BD   BRIAN DEARB  ,-,O
673,0,,,,,,,,,0,
675,0,C310001      0.2800       99.68,05/29/12 650 -64C0 08,01  356.0 EA,192-1,,92-1,,192-1,0,9781
676,unknown,,,,K VIII GASK-O-SEAL,GASK-,VIII,O-SEAL,K VIII GASK-O-SEAL,,MARK
677,unknown,,,***,REV D      SQR,S,EV D,QR,REV D      SQR,,DWG R
679,0,C310001      2.7500       88.00,06/01/12 090 -64C0 08,02   32.0 EA,998182A,A,98182,,998182A,0,50-9
680,unknown,,,,HOUSE,,OUSE,,HOUSE,,IN H
681,unknown,,,***,REV C      SQR,S,EV C,QR,REV C      SQR,,DWG R
697,unknown,TOTAL     187.68,,,,,,,,,
698,1,,,,,,,,,1,
699,1,1,,,,,,,,1,
700,0,,PARKER HANNIFIN CORPORATION,,,,,,,0,
701,unknown,,O-SEAL DIVISION,,(619) 661-7000,661-70,619),00,(619) 661-7000,,PH# (
702,unknown,86245-000      000   05/23/12,7664 PANASONIC WAY,,(619) 671-3208,671-32,619),08,(619) 671-3208,,FAX (
703,unknown,,"SAN DIEGO, CA 92154",,,,,,,,
704,-,,,,,,,,,-,
705,unknown,,PARKER HANNIFIN CORPORATION,MARKING ME,INC,,INC,,INC,,THODS
706,unknown,,O-SEAL DIVISION,301 S RAYM,VE,,E,,VE,,OND AV
707,unknown,,7664 PANASONIC WAY,,,,,,,,
708,unknown,,"SAN DIEGO, CA 92154","ALHAMBRA,",803CA 900641488,900641,03CA,488,803CA 900641488,,CA 918
710,unknown,,,,6262828823,62628,,28823,6262828823,,
711,0,,,,,,,,,0,
712,unknown,X     X,UTING LETT,054803004  N,PROX ORIGIN      RO,ORIGIN,PROX,R,PROX ORIGIN      RO,,ET 20
713,-,,          ,05/23/12,BD   BRIAN DEARB  ,BRIAN,BD,DEARB,BD   BRIAN DEARB  ,-,O
714,0,,,,,,,,,0,
716,0,C310001      2.5000      180.00,06/01/12 082 -64C0 08,01   72.0 EA,200532,,00532,,200532,0,50-2
717,unknown,,277-1),,RETAINER (SIM 50-918,ER (SI,ETAIN,M 50-91,RETAINER (SIM 50-918,,AL R
718,unknown,,,***,REV E      SQR,S,EV E,QR,REV E      SQR,,DWG R
738,unknown,TOTAL     180.00,,,,,,,,,
739,1,,,,,,,,,1,
740,1,1,,,,,,,,1,
741,0,,PARKER HANNIFIN CORPORATION,,,,,,,0,
742,unknown,,O-SEAL DIVISION,,(619) 661-7000,661-70,619),00,(619) 661-7000,,PH# (
743,unknown,86246-000      000   05/23/12,7664 PANASONIC WAY,,(619) 671-3208,671-32,619),08,(619) 671-3208,,FAX (
744,unknown,,"SAN DIEGO, CA 92154",,,,,,,,
745,-,,,,,,,,,-,
746,unknown,,PARKER HANNIFIN CORPORATION,PENTAGON T,LOGIES,,OGIES,,LOGIES,,ECHNOL
747,unknown,,O-SEAL DIVISION,8201-5 E.,SIDE DRIVE,RIVE,IDE D,,SIDE DRIVE,,RIVERS
748,unknown,,7664 PANASONIC WAY,,,,,,,,
749,unknown,,"SAN DIEGO, CA 92154","AUSTIN, TX",403CA 900641488,900641,03CA,488,403CA 900641488,,78744
751,unknown,,,,5123867250,51238,,67250,5123867250,,
752,0,,,,,,,,,0,
753,unknown,X     X,UTING LETT,064675250  N,PROX ORIGIN      RO,ORIGIN,PROX,R,PROX ORIGIN      RO,,ET 60
754,-,,          ,05/23/12,BD   BRIAN DEARB  ,BRIAN,BD,DEARB,BD   BRIAN DEARB  ,-,O
755,0,,,,,,,,,0,
757,0,C310005     29.0000       87.00,05/29/12 122 -64C0 08,01    3.0 EA,061-1,,61-1,,061-1,0,2050
758,unknown,,,,MM GATE VALVE DOOR,E VALV,M GAT,E DOOR,MM GATE VALVE DOOR,,300M
759,SH,,,IPPING INSTR,NS TBD,,S TBD,,NS TBD,SH,UCTION
760,BA,,,TCH # 004400,/ CUREDATE 2Q12,DATE 2,CURE,Q12,/ CUREDATE 2Q12,BA,2614 /
761,unknown,,,***,REV G      SQR,S,EV G,QR,REV G      SQR,,DWG R
779,unknown,TOTAL      87.00,,,,,,,,,
780,1,,,,,,,,,1,
781,1,1,,,,,,,,1,
782,0,,PARKER HANNIFIN CORPORATION,,,,,,,0,
783,unknown,,O-SEAL DIVISION,,(619) 661-7000,661-70,619),00,(619) 661-7000,,PH# (
784,unknown,86247-000      000   05/23/12,7664 PANASONIC WAY,,(619) 671-3208,671-32,619),08,(619) 671-3208,,FAX (
785,unknown,,"SAN DIEGO, CA 92154",,,,,,,,
786,-,,,,,,,,,-,
787,unknown,,PARKER HANNIFIN CORPORATION,PENTAGON T,LOGIES,,OGIES,,LOGIES,,ECHNOL
788,unknown,,O-SEAL DIVISION,21031 ALEX,CT.,,CT.,,CT.,,ANDER
789,unknown,,7664 PANASONIC WAY,,,,,,,,
790,unknown,,"SAN DIEGO, CA 92154","HAYWARD, C",453CA 900641488,900641,53CA,488,453CA 900641488,,A 9454
792,unknown,,,,5107232131,51072,,32131,5107232131,,
793,0,,,,,,,,,0,
794,unknown,X     X,NTACT BUYE,064675230  N,PROX             CO,,PROX,C,PROX             CO,,ET 60
795,-,,          ,05/23/12,BD   BRIAN DEARB  ,BRIAN,BD,DEARB,BD   BRIAN DEARB  ,-,O
796,0,,,,,,,,,0,
798,0,C310005     47.0000       47.00,05/31/12 700 -64C0 08,01    1.0 EA,110-1,,10-1,,110-1,0,2071
799,unknown,,,,T VALVE DOOR -R AND,E DOOR,VALV,-R AND,T VALVE DOOR -R AND,,SLIT
800,D/,,,S PSO SUNNYV,,,,,,D/,ALE
801,BA,,,TCH # 422370,CUREDATE 2Q12,ATE 2Q,CURED,12,CUREDATE 2Q12,BA,0-1 /
802,unknown,,,***,REV H      SQR,S,EV H,QR,REV H      SQR,,DWG R
820,unknown,TOTAL      47.00,,,,,,,,,
821,1,,,,,,,,,1,
822,1,1,,,,,,,,1,
823,0,,PARKER HANNIFIN CORPORATION,,,,,,,0,
824,unknown,,O-SEAL DIVISION,,(619) 661-7000,661-70,619),00,(619) 661-7000,,PH# (
825,unknown,86248-000      000   05/23/12,7664 PANASONIC WAY,,(619) 671-3208,671-32,619),08,(619) 671-3208,,FAX (
826,unknown,,"SAN DIEGO, CA 92154",,,,,,,,
827,-,,,,,,,,,-,
828,unknown,,PARKER HANNIFIN CORPORATION,ALL-NEW ST,G COMPANY,ANY,COMP,,G COMPANY,,AMPING
829,unknown,,O-SEAL DIVISION,10801 LOWE,SA ROAD,D,A ROA,,SA ROAD,,R AZUS
830,unknown,,7664 PANASONIC WAY,,,,,,,,
831,unknown,,"SAN DIEGO, CA 92154","EL MONTE,",734CA 900641488,900641,34CA,488,734CA 900641488,,CA 917
833,unknown,,,,8008777775,80087,,77775,8008777775,,
834,0,,,,,,,,,0,
835,unknown,X     X,UTING LETT,004719920  N,PROX ORIGIN      RO,ORIGIN,PROX,R,PROX ORIGIN      RO,,ET 60
836,-,,          ,05/23/12,BD   BRIAN DEARB  ,BRIAN,BD,DEARB,BD   BRIAN DEARB  ,-,O
837,0,,,,,,,,,0,
839,0,C310001      3.5000      864.50,06/08/12 030 -91C0 08,01  247.0 EA,032462-2001,-2001,32462,,032462-2001,0,50-0
841,*M,,,ATERIAL SUPP,BY PARKER CSS*,KER CS,Y PAR,S*,BY PARKER CSS*,*M,LIED B
842,unknown,,,***,REV A      SQR,S,EV A,QR,REV A      SQR,,DWG R
861,unknown,TOTAL     864.50,,,,,,,,,
862,1,,,,,,,,,1,
863,1,1,,,,,,,,1,
864,0,,PARKER HANNIFIN CORPORATION,,,,,,,0,
865,unknown,,O-SEAL DIVISION,,(619) 661-7000,661-70,619),00,(619) 661-7000,,PH# (
866,unknown,86249-000      000   05/23/12,7664 PANASONIC WAY,,(619) 671-3208,671-32,619),08,(619) 671-3208,,FAX (
867,unknown,,"SAN DIEGO, CA 92154",,,,,,,,
868,-,,,,,,,,,-,
869,unknown,,PARKER HANNIFIN CORPORATION,BARRY AVEN,ATING CO INC,CO INC,TING,,ATING CO INC,,UE PLA
870,unknown,,O-SEAL DIVISION,2210 BARRY,UE,,E,,UE,,AVENU
871,unknown,,7664 PANASONIC WAY,,,,,,,,
872,unknown,,"SAN DIEGO, CA 92154",WEST LOS A,"S, CA 900641488",900641,", CA",488,"S, CA 900641488",,NGELES
874,unknown,,,,3104780078,31047,,80078,3104780078,,
875,0,,,,,,,,,0,
876,unknown,X     X,NDOR TRUCK,011525125  N,PROX DESTINATION VE,DESTIN,PROX,ATION V,PROX DESTINATION VE,,ET 60
877,-,,          ,05/23/12,BD   BRIAN DEARB  ,BRIAN,BD,DEARB,BD   BRIAN DEARB  ,-,O
878,0,,,,,,,,,0,
880,0,C310001      0.3000       99.00,05/29/12 070 -64C0 08,01  330.0 EA,828109-1,-1,28109,,828109-1,0,50-8
882,unknown,,,***,REV P      SQR,S,EV P,QR,REV P      SQR,,DWG R
902,unknown,TOTAL      99.00,,,,,,,,,
903,1,,,,,,,,,1,
904,1,1,,,,,,,,1,
905,0,,PARKER HANNIFIN CORPORATION,,,,,,,0,
906,unknown,,O-SEAL DIVISION,,(619) 661-7000,661-70,619),00,(619) 661-7000,,PH# (
907,unknown,86250-000      000   05/23/12,7664 PANASONIC WAY,,(619) 671-3208,671-32,619),08,(619) 671-3208,,FAX (
908,unknown,,"SAN DIEGO, CA 92154",,,,,,,,
909,-,,,,,,,,,-,
910,unknown,,PARKER HANNIFIN CORPORATION,R&D PRECIC,ANUFACTURE INC,TURE I,NUFAC,NC,ANUFACTURE INC,,ION MA
911,unknown,,O-SEAL DIVISION,800 FAULST,OURT,,URT,,OURT,,ICH CO
912,unknown,,7664 PANASONIC WAY,,,,,,,,
913,unknown,,"SAN DIEGO, CA 92154","SAN JOSE,",112CA 900641488,900641,12CA,488,112CA 900641488,,CA 951
915,unknown,,,,4084520882,40845,,20882,4084520882,,
916,0,,,,,,,,,0,
917,unknown,X     X,UTING LETT,068233116  N,PROX ORIGIN      RO,ORIGIN,PROX,R,PROX ORIGIN      RO,,ET 60
918,-,,          ,05/23/12,DL   DANNY LEUNG  ,DANNY,DL,LEUNG,DL   DANNY LEUNG  ,-,I
919,0,,,,,,,,,0,
921,0,"C310005    582.6900   41,953.68",07/30/12           1A,01   72.0 EA,205105,,05105,,205105,0,50-2
922,unknown,,105 DWG,,COMPLETE PER 52-205,ETE PE,COMPL,R 52-20,COMPLETE PER 52-205,,MFR
923,unknown,,,***,REV B      SQR,S,EV B,QR,REV B      SQR,,DWG R
943,unknown,TOTAL   41953.68,,,,,,,,,
944,1,,,,,,,,,1,
945,1,1,,,,,,,,1,
946,0,,PARKER HANNIFIN CORPORATION,,,,,,,0,
947,unknown,,O-SEAL DIVISION,,(619) 661-7000,661-70,619),00,(619) 661-7000,,PH# (
948,unknown,86251-000      000   05/23/12,7664 PANASONIC WAY,,(619) 671-3208,671-32,619),08,(619) 671-3208,,FAX (
949,unknown,,"SAN DIEGO, CA 92154",,,,,,,,
950,-,,,,,,,,,-,
951,unknown,,PARKER HANNIFIN CORPORATION,R&D PRECIC,ANUFACTURE INC,TURE I,NUFAC,NC,ANUFACTURE INC,,ION MA
952,unknown,,O-SEAL DIVISION,800 FAULST,OURT,,URT,,OURT,,ICH CO
953,unknown,,7664 PANASONIC WAY,,,,,,,,
954,unknown,,"SAN DIEGO, CA 92154","SAN JOSE,",112CA 900641488,900641,12CA,488,112CA 900641488,,CA 951
956,unknown,,,,4084520882,40845,,20882,4084520882,,
957,0,,,,,,,,,0,
958,unknown,X     X,UTING LETT,068233116  N,PROX ORIGIN      RO,ORIGIN,PROX,R,PROX ORIGIN      RO,,ET 60
959,-,,          ,05/23/12,DL   DANNY LEUNG  ,DANNY,DL,LEUNG,DL   DANNY LEUNG  ,-,I
960,0,,,,,,,,,0,
962,0,"C310005    117.5700    2,821.68",06/20/12           1A,01   24.0 EA,968378,,68378,,968378,0,50-9
963,unknown,"117.5700    2,821.68",378 DWG            06/27/12,24.0,COMPLETE PER 52-968,ETE PE,COMPL,R 52-96,COMPLETE PER 52-968,,MFR
964,unknown,"117.5700    8,465.04",378 DWG            07/30/12,72.0,COMPLETE PER 52-968,ETE PE,COMPL,R 52-96,COMPLETE PER 52-968,,MFR
965,unknown,,,***,REV F      SQR,S,EV F,QR,REV F      SQR,,DWG R
984,unknown,TOTAL   14108.40,,,,,,,,,
985,1,,,,,,,,,1,
986,1,1,,,,,,,,1,
987,0,,PARKER HANNIFIN CORPORATION,,,,,,,0,
988,unknown,,O-SEAL DIVISION,,(619) 661-7000,661-70,619),00,(619) 661-7000,,PH# (
989,unknown,86252-000      000   05/23/12,7664 PANASONIC WAY,,(619) 671-3208,671-32,619),08,(619) 671-3208,,FAX (
990,unknown,,"SAN DIEGO, CA 92154",,,,,,,,
991,-,,,,,,,,,-,
992,unknown,,PARKER HANNIFIN CORPORATION,R&D PRECIC,ANUFACTURE INC,TURE I,NUFAC,NC,ANUFACTURE INC,,ION MA
993,unknown,,O-SEAL DIVISION,800 FAULST,OURT,,URT,,OURT,,ICH CO
994,unknown,,7664 PANASONIC WAY,,,,,,,,
995,unknown,,"SAN DIEGO, CA 92154","SAN JOSE,",112CA 900641488,900641,12CA,488,112CA 900641488,,CA 951
997,unknown,,,,4084520882,40845,,20882,4084520882,,
998,0,,,,,,,,,0,
999,unknown,X     X,UTING LETT,068233116  N,PROX ORIGIN      RO,ORIGIN,PROX,R,PROX ORIGIN      RO,,ET 60
1000,-,,          ,05/23/12,DL   DANNY LEUNG  ,DANNY,DL,LEUNG,DL   DANNY LEUNG  ,-,I
1001,0,,,,,,,,,0,
1003,0,"C310005    344.5700   13,782.80",07/06/12           1A,01   40.0 EA,207110-1,-1,07110,,207110-1,0,50-2
1004,unknown,"344.5700   41,348.40",1 DWG              07/30/12,120.0,COMP PER 52-207110-,PER 52,COMP,-207110,COMP PER 52-207110-,,MFR
1005,unknown,,,***,REV H      SQR,S,EV H,QR,REV H      SQR,,DWG R
1025,unknown,TOTAL   55131.20,,,,,,,,,
1026,1,,,,,,,,,1,
1027,1,1,,,,,,,,1,
1028,0,,PARKER HANNIFIN CORPORATION,,,,,,,0,
1029,unknown,,O-SEAL DIVISION,,(619) 661-7000,661-70,619),00,(619) 661-7000,,PH# (
1030,unknown,86253-000      000   05/23/12,7664 PANASONIC WAY,,(619) 671-3208,671-32,619),08,(619) 671-3208,,FAX (
1031,unknown,,"SAN DIEGO, CA 92154",,,,,,,,
1032,-,,,,,,,,,-,
1033,unknown,,PARKER HANNIFIN CORPORATION,PENTAGON T,LOGIES,,OGIES,,LOGIES,,ECHNOL
1034,unknown,,O-SEAL DIVISION,8201-5 E.,SIDE DRIVE,RIVE,IDE D,,SIDE DRIVE,,RIVERS
1035,unknown,,7664 PANASONIC WAY,,,,,,,,
1036,unknown,,"SAN DIEGO, CA 92154","AUSTIN, TX",412CA 900641488,900641,12CA,488,412CA 900641488,,78744
1038,unknown,,,,5123867250,51238,,67250,5123867250,,
1039,0,,,,,,,,,0,
1040,unknown,X     X,UTING LETT,064675250  N,PROX ORIGIN      RO,ORIGIN,PROX,R,PROX ORIGIN      RO,,ET 60
1041,-,,          ,05/23/12,BD   BRIAN DEARB  ,BRIAN,BD,DEARB,BD   BRIAN DEARB  ,-,O
1042,0,,,,,,,,,0,
1044,0,C310005     37.1300      742.60,05/25/12 122 -64C0 08,01   20.0 EA,105,,05,,105,0,2051
1045,unknown,,,,MM SLIT VALVE DOOR,T VALV,M SLI,E DOOR,MM SLIT VALVE DOOR,,300M
1046,D/,,,S PSC AUSTIN,,,,,,D/,
1047,*S,,,HIPPING OVER,TO YOU*,U*,TO YO,,TO YOU*,*S,NIGHT
1048,unknown,,,***,REV B      SQR,S,EV B,QR,REV B      SQR,,DWG R
1050,0,C311005    185.6500      185.65,05/25/12           57,02    1.0 EA,EDITE FEE,FEE,DITE,,EDITE FEE,0,EXPE
1051,unknown,,,,C,,,,C,,MISC
1066,unknown,TOTAL     928.25,,,,,,,,,
1067,1,,,,,,,,,1,
1068,1,1,,,,,,,,1,
1069,0,,PARKER HANNIFIN CORPORATION,,,,,,,0,
1070,unknown,,O-SEAL DIVISION,,(619) 661-7000,661-70,619),00,(619) 661-7000,,PH# (
1071,unknown,86254-000      000   05/23/12,7664 PANASONIC WAY,,(619) 671-3208,671-32,619),08,(619) 671-3208,,FAX (
1072,unknown,,"SAN DIEGO, CA 92154",,,,,,,,
1073,-,,,,,,,,,-,
1074,unknown,,PARKER HANNIFIN CORPORATION,CONARD COR,,,,,,,P
1075,unknown,,O-SEAL DIVISION,101 COMMER,,,,,,,CE
1076,unknown,,7664 PANASONIC WAY,,,,,,,,
1077,unknown,,"SAN DIEGO, CA 92154",GLASTONBUR,06033900641488,900641,06033,488,06033900641488,,"Y, CT"
1079,unknown,,,,8606590591,86065,,90591,8606590591,,
1080,0,,,,,,,,,0,
1081,unknown,X     X,NTACT BUYE,024360205  N,PROX ORIGIN      CO,ORIGIN,PROX,C,PROX ORIGIN      CO,,ET 60
1082,-,,          ,05/23/12,BD   BRIAN DEARB  ,BRIAN,BD,DEARB,BD   BRIAN DEARB  ,-,O
1083,0,,,,,,,,,0,
1085,0,"C310001     58.0000    1,160.00",06/01/12 150 -91C0 08,01   20.0 EA,5926-001,01,926-0,,5926-001,0,50-5
1086,unknown,,,,GGED STD COST,TD COS,GED S,T,GGED STD COST,,PLUG
1087,unknown,,,***,REV A      SQR,S,EV A,QR,REV A      SQR,,DWG R
1107,unknown,TOTAL    1160.00,,,,,,,,,
1108,1,,,,,,,,,1,
1109,1,1,,,,,,,,1,
1110,0,,PARKER HANNIFIN CORPORATION,,,,,,,0,
1111,unknown,,O-SEAL DIVISION,,(619) 661-7000,661-70,619),00,(619) 661-7000,,PH# (
1112,unknown,86255-000      000   05/23/12,7664 PANASONIC WAY,,(619) 671-3208,671-32,619),08,(619) 671-3208,,FAX (
1113,unknown,,"SAN DIEGO, CA 92154",,,,,,,,
1114,-,,,,,,,,,-,
1115,unknown,,PARKER HANNIFIN CORPORATION,EXOVA OCM,,,,,,,
1116,unknown,,O-SEAL DIVISION,3883 E. EA,RIVE,,IVE,,RIVE,,GLE DR
1117,unknown,,7664 PANASONIC WAY,,,,,,,,
1118,unknown,,"SAN DIEGO, CA 92154","ANAHEIM, C",076033900641488,900641,76033,488,076033900641488,,A 9280
1120,unknown,,,,7146303003,71463,,03003,7146303003,,
1121,0,,,,,,,,,0,
1122,unknown,X     X,ST WAY,062021602  N,PROX ORIGIN      BE,ORIGIN,PROX,B,PROX ORIGIN      BE,,ET 60
1123,-,,          ,05/23/12,BD   BRIAN DEARB  ,BRIAN,BD,DEARB,BD   BRIAN DEARB  ,-,O
1124,0,,,,,,,,,0,
1126,0,C310001    495.0000      495.00,06/01/12 500 -64C0 08,01    1.0 EA,325-10,,25-10,,325-10,0,2113
1127,unknown,,,,A MEDIUM SCALE SEAL,UM SCA,MEDI,LE SEAL,A MEDIUM SCALE SEAL,,NASA
1128,CB,,,I #: 12EGTA0,SN: 0198,98,N: 01,,SN: 0198,CB,13 / S
1129,unknown,,,***,REV NC     SQR,S,EV NC,QR,REV NC     SQR,,DWG R
1131,0,C310001    495.0000      495.00,06/01/12 500 -64C0 08,02    1.0 EA,325-10,,25-10,,325-10,0,2113
1132,unknown,,,,A MEDIUM SCALE SEAL,UM SCA,MEDI,LE SEAL,A MEDIUM SCALE SEAL,,NASA
1133,CB,,,I #: 12EGTA0,SN: 0175,75,N: 01,,SN: 0175,CB,13 / S
1134,unknown,,,***,REV NC     SQR,S,EV NC,QR,REV NC     SQR,,DWG R
1136,0,C310001    495.0000      495.00,06/01/12 500 -64C0 08,03    1.0 EA,325-10,,25-10,,325-10,0,2113
1137,unknown,,,,A MEDIUM SCALE SEAL,UM SCA,MEDI,LE SEAL,A MEDIUM SCALE SEAL,,NASA
1138,CB,,,I #: 12EGTA0,SN: 0186,86,N: 01,,SN: 0186,CB,13 / S
1139,unknown,,,***,REV NC     SQR,S,EV NC,QR,REV NC     SQR,,DWG R
1148,unknown,TOTAL    1485.00,,,,,,,,,
1149,1,,,,,,,,,1,
1150,1,1,,,,,,,,1,
1151,0,,PARKER HANNIFIN CORPORATION,,,,,,,0,
1152,unknown,,O-SEAL DIVISION,,(619) 661-7000,661-70,619),00,(619) 661-7000,,PH# (
1153,unknown,86256-000      000   05/23/12,7664 PANASONIC WAY,,(619) 671-3208,671-32,619),08,(619) 671-3208,,FAX (
1154,unknown,,"SAN DIEGO, CA 92154",,,,,,,,
1155,-,,,,,,,,,-,
1156,unknown,,PARKER HANNIFIN CORPORATION,SWISS TECH,ISION INC.,INC.,SION,,ISION INC.,,PRECI
1157,unknown,,O-SEAL DIVISION,690 SOUTH,WATER LOOP,LOOP,ATER,,WATER LOOP,,CLEARW
1158,unknown,,7664 PANASONIC WAY,,,,,,,,
1159,unknown,,"SAN DIEGO, CA 92154",POST FALLS,838543900641488,900641,38543,488,838543900641488,,", ID 8"
1161,unknown,,,,2087734800,20877,,34800,2087734800,,
1162,0,,,,,,,,,0,
1163,unknown,X     X,UTING LETT,078449000  N,PROX ORIGIN      RO,ORIGIN,PROX,R,PROX ORIGIN      RO,,ET 60
1164,-,,          ,05/23/12,DL   DANNY LEUNG  ,DANNY,DL,LEUNG,DL   DANNY LEUNG  ,-,O
1165,0,,,,,,,,,0,
1167,0,"C310001      0.6000   10,080.00",07/02/12 010 -91C0 08,0116800.0 EA,858249,,58249,,858249,0,50-8
1169,unknown,,,***,REV C      SQR,S,EV C,QR,REV C      SQR,,DWG R
1189,unknown,TOTAL   10080.00,,,,,,,,,
1190,1,,,,,,,,,1,
1192,1,1,,,,,,,,1,
1193,0,,PARKER HANNIFIN CORPORATION,,,,,,,0,
1194,unknown,,O-SEAL DIVISION,,(619) 661-7000,661-70,619),00,(619) 661-7000,,PH# (
1195,unknown,13006-000      002   05/23/12,7664 PANASONIC WAY,,(619) 671-3208,671-32,619),08,(619) 671-3208,,FAX (
1196,unknown,,"SAN DIEGO, CA 92154",,,,,,,,
1197,-,,,,,,,,,-,
1198,unknown,,PARKER HANNIFIN CORPORATION,PARKER HAN,APNV,,APNV,,APNV,,NIFIN
1199,unknown,,O-SEAL DIVISION,INDUSTRIET,N KREKELENBERG,ELENBE,KREK,RG,N KREKELENBERG,,ERREIN
1200,unknown,,7664 PANASONIC WAY,RUPELWEG 9,50,,0,,50,,B-285
1201,unknown,,"SAN DIEGO, CA 92154","BOOM, BELG",B2850,,B2850,,B2850,,"IUM,"
1203,unknown,,,,0113238808,01132,,38808,0113238808,,
1204,0,,,,,,,,,0,
1205,unknown,X     X,ST WAY,990820481  N,PROX             BE,,PROX,B,PROX             BE,,ET 60
1206,-,,          ,01/26/12,JM   GARY MCKENN  ,GARY M,JM,CKENN,JM   GARY MCKENN  ,-,I
1207,0,,,,,,,,,0,
1209,0,"C910011      7.9260    2,021.13",05/28/12           1A,01  255.0 EA,903-2,,03-2,,903-2,0,1389
1210,unknown,"7.9260    1,585.20",NAMIC              07/12/12,200.0,"RSEAL, INT, PVDF, DY","INT,","SEAL,","PVDF, D","RSEAL, INT, PVDF, DY",,ENER
1211,"5,",,,"9556 EURO, C",N,,,,N,"5,",AMERON
1212,unknown,,,***,REV NC     SQR,S,EV NC,QR,REV NC     SQR,,DWG R
1231,unknown,TOTAL    3606.33,,,,,,,,,
1232,1,,,,,,,,,1,
1233,1,1,,,,,,,,1,
1234,0,,PARKER HANNIFIN CORPORATION,,,,,,,0,
1235,unknown,,O-SEAL DIVISION,,(619) 661-7000,661-70,619),00,(619) 661-7000,,PH# (
1236,unknown,13041-000      004   05/23/12,7664 PANASONIC WAY,,(619) 671-3208,671-32,619),08,(619) 671-3208,,FAX (
1237,unknown,,"SAN DIEGO, CA 92154",,,,,,,,
1238,-,,,,,,,,,-,
1239,unknown,,PARKER HANNIFIN CORPORATION,MERIDEN MF,,,,,,,G INC
1240,unknown,,O-SEAL DIVISION,230 STATE,T EXT,,EXT,,T EXT,,STREET
1241,unknown,,7664 PANASONIC WAY,P O BOX 69,,,,,,,4
1242,unknown,,"SAN DIEGO, CA 92154","MERIDEN, C",502850,,02850,,502850,,T 0645
1244,unknown,,,,203-237-74,203-2,,37-74,203-237-74,,
1245,0,,,,,,,,,0,
1246,unknown,X     X,ST WAY,056254910  N,PROX             BE,,PROX,B,PROX             BE,,ET 60
1247,-,,          ,01/27/12,PH   PAUL HOLLMA  ,PAUL H,PH,OLLMA,PH   PAUL HOLLMA  ,-,I
1248,0,,,,,,,,,0,
1250,0,"C910012     33.8700    1,862.85",05/28/12           1A,01   55.0 EA,09,,9,,09,0,2260
1251,unknown,,,,AINER,,INER,,AINER,,RETA
1252,M,,,ATERIAL CERT,UIRED,,IRED,,UIRED,M,S REQU
1253,unknown,,,***,REV NC     SQR,S,EV NC,QR,REV NC     SQR,,DWG R
1255,0,C901,57,02        EA,TIME TOOLING CHARGE,TOOLIN,TIME,G CHARG,TIME TOOLING CHARGE,0,ONE
1256,unknown,,,,AINER,,INER,,AINER,,RETA
1257,unknown,,,***,REV NC     SQR,S,EV NC,QR,REV NC     SQR,,DWG R
1272,unknown,TOTAL    1862.85,,,,,,,,,
1273,1,,,,,,,,,1,
1274,1,1,,,,,,,,1,
1275,0,,PARKER HANNIFIN CORPORATION,,,,,,,0,
1276,unknown,,O-SEAL DIVISION,,(619) 661-7000,661-70,619),00,(619) 661-7000,,PH# (
1277,unknown,13302-000      002   05/23/12,7664 PANASONIC WAY,,(619) 671-3208,671-32,619),08,(619) 671-3208,,FAX (
1278,unknown,,"SAN DIEGO, CA 92154",,,,,,,,
1279,-,,,,,,,,,-,
1280,unknown,,PARKER HANNIFIN CORPORATION,MERIDEN MF,,,,,,,G INC
1281,unknown,,O-SEAL DIVISION,230 STATE,T EXT,,EXT,,T EXT,,STREET
1282,unknown,,7664 PANASONIC WAY,P O BOX 69,,,,,,,4
1283,unknown,,"SAN DIEGO, CA 92154","MERIDEN, C",502850,,02850,,502850,,T 0645
1285,unknown,,,,203-237-74,203-2,,37-74,203-237-74,,
1286,0,,,,,,,,,0,
1287,unknown,X     X,ST WAY,056254910  N,PROX             BE,,PROX,B,PROX             BE,,ET 60
1288,-,,          ,02/17/12,PH   PAUL HOLLMA  ,PAUL H,PH,OLLMA,PH   PAUL HOLLMA  ,-,I
1289,0,,,,,,,,,0,
1291,0,"C910012     16.4400    1,644.00",05/28/12           07,01  100.0 EA,50-2,,0-2,,50-2,0,3195
1292,unknown,,,,HER,,ER,,HER,,WASH
1293,MA,,,TERIAL CERTS,IRED,,RED,,IRED,MA,REQUI
1294,If,,"en facility, the",this PO is,ing to our North Hav,our N,ng to,orth Ha,ing to our North Hav,If,shippi
1295,Su,,ies,pplier Speci,ion PU741010033 appl,741010,on PU,033 app,ion PU741010033 appl,Su,ficati
1296,unknown,,,***,REV A      SQR,S,EV A,QR,REV A      SQR,,DWG R
1313,unknown,TOTAL    1644.00,,,,,,,,,
1314,1,,,,,,,,,1,
1315,1,1,,,,,,,,1,
1316,0,,PARKER HANNIFIN CORPORATION,,,,,,,0,
1317,unknown,,O-SEAL DIVISION,,(619) 661-7000,661-70,619),00,(619) 661-7000,,PH# (
1318,unknown,13825-000      001   05/23/12,7664 PANASONIC WAY,,(619) 671-3208,671-32,619),08,(619) 671-3208,,FAX (
1319,unknown,,"SAN DIEGO, CA 92154",,,,,,,,
1320,-,,,,,,,,,-,
1321,unknown,,PARKER HANNIFIN CORPORATION,PARKER HAN,APNV,,APNV,,APNV,,NIFIN
1322,unknown,,O-SEAL DIVISION,INDUSTRIET,N KREKELENBERG,ELENBE,KREK,RG,N KREKELENBERG,,ERREIN
1323,unknown,,7664 PANASONIC WAY,RUPELWEG 9,50,,0,,50,,B-285
1324,unknown,,"SAN DIEGO, CA 92154","BOOM, BELG",B2850,,B2850,,B2850,,"IUM,"
1326,unknown,,,,0113238808,01132,,38808,0113238808,,
1327,0,,,,,,,,,0,
1328,unknown,X     X,ST WAY,990820481  N,PROX             BE,,PROX,B,PROX             BE,,ET 60
1329,-,,          ,04/10/12,PH   PAUL HOLLMA  ,PAUL H,PH,OLLMA,PH   PAUL HOLLMA  ,-,I
1330,0,,,,,,,,,0,
1332,0,"C910011      4.0460    2,063.46",05/28/12           1A,01  510.0 EA,-000299-03-05-1,9-03-0,00029,5-1,-000299-03-05-1,0,EAA-
1333,unknown,,,,RSEAL,,SEAL,,RSEAL,,ENER
1334,EA,,,STERN INDUST,AUTOMATION,TION,UTOMA,,AUTOMATION,EA,RIAL A
1335,S/,,,O# 174590,,,,,,S/,
1336,EU,,,RO 2.89,,,,,,EU,
1337,unknown,,,***,REV NC     SQR,S,EV NC,QR,REV NC     SQR,,DWG R
1354,unknown,TOTAL    2063.46,,,,,,,,,
1355,1,,,,,,,,,1,
1356,1,1,,,,,,,,1,
1357,0,,PARKER HANNIFIN CORPORATION,,,,,,,0,
1358,unknown,,O-SEAL DIVISION,,(619) 661-7000,661-70,619),00,(619) 661-7000,,PH# (
1359,unknown,13896-000      002   05/23/12,7664 PANASONIC WAY,,(619) 671-3208,671-32,619),08,(619) 671-3208,,FAX (
1360,unknown,,"SAN DIEGO, CA 92154",,,,,,,,
1361,-,,,,,,,,,-,
1362,unknown,,PARKER HANNIFIN CORPORATION,PARKER HAN,APNV,,APNV,,APNV,,NIFIN
1363,unknown,,O-SEAL DIVISION,INDUSTRIET,N KREKELENBERG,ELENBE,KREK,RG,N KREKELENBERG,,ERREIN
1364,unknown,,7664 PANASONIC WAY,RUPELWEG 9,50,,0,,50,,B-285
1365,unknown,,"SAN DIEGO, CA 92154","BOOM, BELG",B2850,,B2850,,B2850,,"IUM,"
1367,unknown,,,,0113238808,01132,,38808,0113238808,,
1368,0,,,,,,,,,0,
1369,unknown,X     X,ST WAY,990820481  N,PROX             BE,,PROX,B,PROX             BE,,ET 60
1370,-,,          ,04/13/12,JM   GARY MCKENN  ,GARY M,JM,CKENN,JM   GARY MCKENN  ,-,I
1371,0,,,,,,,,,0,
1373,0,C910011      3.7900      394.16,05/28/12           1A,01  104.0 EA,665,,65,,665,0,2406
1374,unknown,3.7900      379.00,06/08/12,100.0,RSEAL,,SEAL,,RSEAL,,ENER
1375,unknown,3.7900      379.00,07/13/12,100.0,RSEAL,,SEAL,,RSEAL,,ENER
1376,unknown,,,***,REV NC     SQR,S,EV NC,QR,REV NC     SQR,,DWG R
1395,unknown,TOTAL    1152.16,,,,,,,,,
1396,1,,,,,,,,,1,
1397,1,1,,,,,,,,1,
1398,0,,PARKER HANNIFIN CORPORATION,,,,,,,0,
1399,unknown,,O-SEAL DIVISION,,(619) 661-7000,661-70,619),00,(619) 661-7000,,PH# (
1400,unknown,14061-000      001   05/23/12,7664 PANASONIC WAY,,(619) 671-3208,671-32,619),08,(619) 671-3208,,FAX (
1401,unknown,,"SAN DIEGO, CA 92154",,,,,,,,
1402,-,,,,,,,,,-,
1403,unknown,,PARKER HANNIFIN CORPORATION,ADVANCED N,ING SOLUTIONS L,LUTION,NG SO,S L,ING SOLUTIONS L,,ITRIDI
1404,unknown,,O-SEAL DIVISION,1688 LAMME,KE,,E,,KE,,RS PIK
1405,unknown,,7664 PANASONIC WAY,,,,,,,,
1406,unknown,,"SAN DIEGO, CA 92154",BATESVILLE,470060,,70060,,470060,,", IN 4"
1408,unknown,,,,8129321010,81293,,21010,8129321010,,
1409,0,,,,,,,,,0,
1410,unknown,X     X,ST WAY,002023468  N,PROX             BE,,PROX,B,PROX             BE,,ET 60
1411,-,,          ,05/08/12,WO   WILLIE ORTI  ,WILLIE,WO,ORTI,WO   WILLIE ORTI  ,-,O
1412,0,,,,,,,,,0,
1414,0,C910011     66.6660      799.99,05/14/12 040 -64C9 08,01   12.0 EA,51,,1,,51,0,4055
1415,unknown,,P JSM,,E COLLAR SLOTTED COM,AR SLO,COLL,TTED CO,E COLLAR SLOTTED COM,,MALE
1416,S/,,"437, 456, 457.","N 429, 430,","433. 434, 435, 436,","34, 43",33. 4,"5, 436,","433. 434, 435, 436,",S/,"432, 4"
1417,46,,,"0, 461",,,,,,46,
1418,unknown,,,***,REV NC     SQR,S,EV NC,QR,REV NC     SQR,,DWG R
1420,0,C910011,040 -64C9 08,02        EA,51,,1,,51,0,4055
1421,unknown,,P JSM,,E COLLAR SLOTTED COM,AR SLO,COLL,TTED CO,E COLLAR SLOTTED COM,,MALE
1422,S/,,,N 417,,,,,,S/,
1423,unknown,,,***,REV NC     SQR,S,EV NC,QR,REV NC     SQR,,DWG R
1425,0,C910011     66.6660      999.99,05/14/12 040 -64C9 08,03   15.0 EA,51,,1,,51,0,4055
1426,unknown,,P JSM,,E COLLAR SLOTTED COM,AR SLO,COLL,TTED CO,E COLLAR SLOTTED COM,,MALE
1427,S/,,"446, 447,","N 428, 438,","440, 441, 442, 443,","41, 44","40, 4","2, 443,","440, 441, 442, 443,",S/,"439, 4"
1428,44,,,"9, 450, 451,","453, 459",459,"453,",,"453, 459",44,"452,"
1429,unknown,,,***,REV NC     SQR,S,EV NC,QR,REV NC     SQR,,DWG R
1436,unknown,TOTAL    1799.98,,,,,,,,,
1437,1,,,,,,,,,1,
1438,1,1,,,,,,,,1,
1439,0,,PARKER HANNIFIN CORPORATION,,,,,,,0,
1440,unknown,,O-SEAL DIVISION,,(619) 661-7000,661-70,619),00,(619) 661-7000,,PH# (
1441,unknown,14106-000      001   05/23/12,7664 PANASONIC WAY,,(619) 671-3208,671-32,619),08,(619) 671-3208,,FAX (
1442,unknown,,"SAN DIEGO, CA 92154",,,,,,,,
1443,-,,,,,,,,,-,
1444,unknown,,PARKER HANNIFIN CORPORATION,BODYCOTE T,L PROCESSING -,ESSING,PROC,-,L PROCESSING -,,HERMAL
1445,unknown,,O-SEAL DIVISION,45 CONNECT,AVE,,VE,,AVE,,ICUT A
1446,unknown,,7664 PANASONIC WAY,,,,,,,,
1447,unknown,,"SAN DIEGO, CA 92154",SOUTH WIND,CT 06074,74,T 060,,CT 06074,,"SOR, C"
1449,unknown,,,,860-282-13,860-2,,82-13,860-282-13,,
1450,0,,,,,,,,,0,
1451,unknown,X     X,ST WAY,013627319  N,PROX             BE,,PROX,B,PROX             BE,,ET 60
1452,-,,          ,05/10/12,WO   WILLIE ORTI  ,WILLIE,WO,ORTI,WO   WILLIE ORTI  ,-,O
1453,0,,,,,,,,,0,
1455,0,C910012     57.3070      744.99,05/16/12 061 -64C9 08,01   13.0 EA,32,,2,,32,0,3313
1456,unknown,,RESSURE,,AL V-RING EXTERNAL P,ING EX,L V-R,TERNAL,AL V-RING EXTERNAL P,,META
1457,If,,"en facility, the",this PO is,ing to our North Hav,our N,ng to,orth Ha,ing to our North Hav,If,shippi
1458,Su,,ies,pplier Speci,ion PU741010033 appl,741010,on PU,033 app,ion PU741010033 appl,Su,ficati
1459,unknown,,,***,REV B      SQR,S,EV B,QR,REV B      SQR,,DWG R
1477,unknown,TOTAL     744.99,,,,,,,,,
1478,1,,,,,,,,,1,
1479,1,1,,,,,,,,1,
1480,0,,PARKER HANNIFIN CORPORATION,,,,,,,0,
1481,unknown,,O-SEAL DIVISION,,(619) 661-7000,661-70,619),00,(619) 661-7000,,PH# (
1482,unknown,14111-000      001   05/23/12,7664 PANASONIC WAY,,(619) 671-3208,671-32,619),08,(619) 671-3208,,FAX (
1483,unknown,,"SAN DIEGO, CA 92154",,,,,,,,
1484,-,,,,,,,,,-,
1485,unknown,,PARKER HANNIFIN CORPORATION,BODYCOTE T,L PROCESSING -,ESSING,PROC,-,L PROCESSING -,,HERMAL
1486,unknown,,O-SEAL DIVISION,45 CONNECT,AVE,,VE,,AVE,,ICUT A
1487,unknown,,7664 PANASONIC WAY,,,,,,,,
1488,unknown,,"SAN DIEGO, CA 92154",SOUTH WIND,CT 06074,74,T 060,,CT 06074,,"SOR, C"
1490,unknown,,,,860-282-13,860-2,,82-13,860-282-13,,
1491,0,,,,,,,,,0,
1492,unknown,X     X,ST WAY,013627319  N,PROX             BE,,PROX,B,PROX             BE,,ET 60
1493,-,,          ,05/11/12,JD   JOHN DEUGEN  ,JOHN D,JD,EUGEN,JD   JOHN DEUGEN  ,-,O
1494,0,,,,,,,,,0,
1496,0,C910012      4.9000       68.60,05/18/12 060 -64C9 08,01   14.0 EA,72,,2,,72,0,6977
1497,unknown,,RESSURE,,AL E-RING EXTERNAL P,ING EX,L E-R,TERNAL,AL E-RING EXTERNAL P,,META
1498,WA,,,SPALOY PER A,44,,4,,44,WA,MS 554
1499,If,,"en facility, the",this PO is,ing to our North Hav,our N,ng to,orth Ha,ing to our North Hav,If,shippi
1500,Su,,ies,pplier Speci,ion PU741010033 appl,741010,on PU,033 app,ion PU741010033 appl,Su,ficati
1501,unknown,,,***,REV NC     SQR,S,EV NC,QR,REV NC     SQR,,DWG R
1503,0,C910012      4.9300      128.18,05/18/12 060 -64C9 08,02   26.0 EA,72,,2,,72,0,6977
1504,unknown,,RESSURE,,AL E-RING EXTERNAL P,ING EX,L E-R,TERNAL,AL E-RING EXTERNAL P,,META
1505,WA,,,SPOLY PER AM,4,,,,4,WA,S 5544
1506,If,,"en facility, the",this PO is,ing to our North Hav,our N,ng to,orth Ha,ing to our North Hav,If,shippi
1507,Su,,ies,pplier Speci,ion PU741010033 appl,741010,on PU,033 app,ion PU741010033 appl,Su,ficati
1508,unknown,,,***,REV NC     SQR,S,EV NC,QR,REV NC     SQR,,DWG R
1510,0,"C910012      4.9800    1,180.26",05/18/12 070 -64C9 08,03  237.0 EA,343,,43,,343,0,6903
1511,unknown,,RESSURE,,AL E-RING INTERNAL P,ING IN,L E-R,TERNAL,AL E-RING INTERNAL P,,META
1512,WA,,,SPOLY PER AM,4,,,,4,WA,S 5544
1513,If,,"en facility, the",this PO is,ing to our North Hav,our N,ng to,orth Ha,ing to our North Hav,If,shippi
1514,Su,,ies,pplier Speci,ion PU741010033 appl,741010,on PU,033 app,ion PU741010033 appl,Su,ficati
1515,unknown,,,***,REV -1     SQR,S,EV -1,QR,REV -1     SQR,,DWG R
1518,unknown,TOTAL    1377.04,,,,,,,,,
1519,1,,,,,,,,,1,
1520,1,1,,,,,,,,1,
1521,0,,PARKER HANNIFIN CORPORATION,,,,,,,0,
1522,unknown,,O-SEAL DIVISION,,(619) 661-7000,661-70,619),00,(619) 661-7000,,PH# (
1523,unknown,14114-000      000   05/23/12,7664 PANASONIC WAY,,(619) 671-3208,671-32,619),08,(619) 671-3208,,FAX (
1524,unknown,,"SAN DIEGO, CA 92154",,,,,,,,
1525,-,,,,,,,,,-,
1526,unknown,,PARKER HANNIFIN CORPORATION,ADVANCED N,ING SOLUTIONS L,LUTION,NG SO,S L,ING SOLUTIONS L,,ITRIDI
1527,unknown,,O-SEAL DIVISION,1688 LAMME,KE,,E,,KE,,RS PIK
1528,unknown,,7664 PANASONIC WAY,,,,,,,,
1529,unknown,,"SAN DIEGO, CA 92154",BATESVILLE,47006074,74,70060,,47006074,,", IN 4"
1531,unknown,,,,8129321010,81293,,21010,8129321010,,
1532,0,,,,,,,,,0,
1533,unknown,X     X,ST WAY,002023468  N,PROX             BE,,PROX,B,PROX             BE,,ET 60
1534,-,,          ,05/14/12,WO   WILLIE ORTI  ,WILLIE,WO,ORTI,WO   WILLIE ORTI  ,-,O
1535,0,,,,,,,,,0,
1537,0,C910011    125.0000      250.00,05/17/12 040 -64C9 08,01    2.0 EA,51,,1,,51,0,4055
1538,unknown,,P JSM,,E COLLAR SLOTTED COM,AR SLO,COLL,TTED CO,E COLLAR SLOTTED COM,,MALE
1539,S/,,,N 469-484,,,,,,S/,
1540,unknown,,,***,REV NC     SQR,S,EV NC,QR,REV NC     SQR,,DWG R
1559,unknown,TOTAL     250.00,,,,,,,,,
1560,1,,,,,,,,,1,
1561,1,1,,,,,,,,1,
1562,0,,PARKER HANNIFIN CORPORATION,,,,,,,0,
1563,unknown,,O-SEAL DIVISION,,(619) 661-7000,661-70,619),00,(619) 661-7000,,PH# (
1564,unknown,14206-000      000   05/23/12,7664 PANASONIC WAY,,(619) 671-3208,671-32,619),08,(619) 671-3208,,FAX (
1565,unknown,,"SAN DIEGO, CA 92154",,,,,,,,
1566,-,,,,,,,,,-,
1567,unknown,,PARKER HANNIFIN CORPORATION,GILBERT &,INC,,INC,,INC,,JONES
1568,unknown,,O-SEAL DIVISION,35 PETER C,,,,,,,OURT
1569,unknown,,7664 PANASONIC WAY,,,,,,,,
1570,unknown,,"SAN DIEGO, CA 92154",NEW BRITAI,0605174,74,06051,,0605174,,"N, CT"
1572,unknown,,,,8005772962,80057,,72962,8005772962,,
1573,0,,,,,,,,,0,
1574,unknown,X     X,S COLLECT,038654080  N,PROX NORTH HAVEN UP,NORTH,PROX,HAVEN U,PROX NORTH HAVEN UP,,ET 60
1575,-,,          ,05/22/12,PH   PAUL HOLLMA  ,PAUL H,PH,OLLMA,PH   PAUL HOLLMA  ,-,I
1576,0,,,,,,,,,0,
1578,0,"C910012     28.8500    7,948.18",05/25/12           07,01  275.5 EA,-COBALT ANODES,T ANOD,COBAL,ES,-COBALT ANODES,0,991-
1579,unknown,"28.8500    7,948.18",S                  07/05/12,275.5,SUMABLE COBALT ANODE,E COBA,UMABL,LT ANOD,SUMABLE COBALT ANODE,,CONS
1580,55,,VOICES,1 LBS TO BE,D ON TWO SEPERATE IN,WO SEP,ON T,ERATE I,D ON TWO SEPERATE IN,55,BILLED
1581,unknown,,,***,REV NC     SQR,S,EV NC,QR,REV NC     SQR,,DWG R
1600,unknown,TOTAL   15896.36,,,,,,,,,
1601,1,,,,,,,,,1,
1602,1,1,,,,,,,,1,
1603,0,,PARKER HANNIFIN CORPORATION,,,,,,,0,
1604,unknown,,O-SEAL DIVISION,,(619) 661-7000,661-70,619),00,(619) 661-7000,,PH# (
1605,unknown,14207-000      000   05/23/12,7664 PANASONIC WAY,,(619) 671-3208,671-32,619),08,(619) 671-3208,,FAX (
1606,unknown,,"SAN DIEGO, CA 92154",,,,,,,,
1607,-,,,,,,,,,-,
1608,unknown,,PARKER HANNIFIN CORPORATION,COMPONENT,EER INC,C,ER IN,,EER INC,,ENGINE
1609,unknown,,O-SEAL DIVISION,108 NORTH,S IND RD,RD,IND,,S IND RD,,PLAINS
1610,unknown,,7664 PANASONIC WAY,,,,,,,,
1611,unknown,,"SAN DIEGO, CA 92154",WALLINGFOR,0649274,74,06492,,0649274,,"D, CT"
1613,unknown,,,,203-269-05,203-2,,69-05,203-269-05,,
1614,0,,,,,,,,,0,
1615,unknown,X     X,ST WAY,024200951  N,PROX             BE,,PROX,B,PROX             BE,,ET 60
1616,-,,          ,05/23/12,JD   JOHN DEUGEN  ,JOHN D,JD,EUGEN,JD   JOHN DEUGEN  ,-,O
1617,0,,,,,,,,,0,
1619,0,"C910012     40.0000    2,800.00",05/24/12 020 -64C9 08,01   70.0 EA,419,,19,,419,0,6904
1620,unknown,,RESSURE,,AL E-RING EXTERNAL P,ING EX,L E-R,TERNAL,AL E-RING EXTERNAL P,,META
1621,RU,,,N COMPLETE,,,,,,RU,
1622,If,,"en facility, the",this PO is,ing to our North Hav,our N,ng to,orth Ha,ing to our North Hav,If,shippi
1623,Su,,ies,pplier Speci,ion PU741010033 appl,741010,on PU,033 app,ion PU741010033 appl,Su,ficati
1624,69,,,0397-02 PRIN,,,,,,69,T
1625,unknown,,,***,REV -      SQR,S,EV -,QR,REV -      SQR,,DWG R
1627,0,"C911012  1,200.0000    1,200.00",05/25/12           54,02    1.0,EDITE CHARGE,CHARGE,DITE,,EDITE CHARGE,0,EXPE
1641,unknown,TOTAL    4000.00,,,,,,,,,
1642,1,,,,,,,,,1,
1643,1,1,,,,,,,,1,
1644,0,,PARKER HANNIFIN CORPORATION,,,,,,,0,
1645,unknown,,O-SEAL DIVISION,,(619) 661-7000,661-70,619),00,(619) 661-7000,,PH# (
1646,unknown,14208-000      000   05/23/12,7664 PANASONIC WAY,,(619) 671-3208,671-32,619),08,(619) 671-3208,,FAX (
1647,unknown,,"SAN DIEGO, CA 92154",,,,,,,,
1648,-,,,,,,,,,-,
1649,unknown,,PARKER HANNIFIN CORPORATION,COMPONENT,EER INC,C,ER IN,,EER INC,,ENGINE
1650,unknown,,O-SEAL DIVISION,108 NORTH,S IND RD,RD,IND,,S IND RD,,PLAINS
1651,unknown,,7664 PANASONIC WAY,,,,,,,,
1652,unknown,,"SAN DIEGO, CA 92154",WALLINGFOR,0649274,74,06492,,0649274,,"D, CT"
1654,unknown,,,,203-269-05,203-2,,69-05,203-269-05,,
1655,0,,,,,,,,,0,
1656,unknown,X     X,ST WAY,024200951  N,PROX             BE,,PROX,B,PROX             BE,,ET 60
1657,-,,          ,05/23/12,JD   JOHN DEUGEN  ,JOHN D,JD,EUGEN,JD   JOHN DEUGEN  ,-,O
1658,0,,,,,,,,,0,
1660,0,"C910012     40.0000    2,600.00",05/24/12 020 -64C9 08,01   65.0 EA,418,,18,,418,0,6904
1661,unknown,,RESSURE,,AL E-RING EXTERNAL P,ING EX,L E-R,TERNAL,AL E-RING EXTERNAL P,,META
1662,RU,,,N COMPLETE,,,,,,RU,
1663,If,,"en facility, the",this PO is,ing to our North Hav,our N,ng to,orth Ha,ing to our North Hav,If,shippi
1664,Su,,ies,pplier Speci,ion PU741010033 appl,741010,on PU,033 app,ion PU741010033 appl,Su,ficati
1665,PR,,,INT 690397-0,,,,,,PR,1
1666,unknown,,,***,REV -      SQR,S,EV -,QR,REV -      SQR,,DWG R
1668,0,"C911012  1,200.0000    1,200.00",05/25/12           54,02    1.0,EDITE CHARGE,CHARGE,DITE,,EDITE CHARGE,0,EXPE
1682,unknown,TOTAL    3800.00,,,,,,,,,
1683,1,,,,,,,,,1,
1684,1,1,,,,,,,,1,
1685,0,,PARKER HANNIFIN CORPORATION,,,,,,,0,
1686,unknown,,O-SEAL DIVISION,,(619) 661-7000,661-70,619),00,(619) 661-7000,,PH# (
1687,unknown,14209-000      000   05/23/12,7664 PANASONIC WAY,,(619) 671-3208,671-32,619),08,(619) 671-3208,,FAX (
1688,unknown,,"SAN DIEGO, CA 92154",,,,,,,,
1689,-,,,,,,,,,-,
1690,unknown,,PARKER HANNIFIN CORPORATION,JOINING TE,OGIES  LLC,LLC,GIES,,OGIES  LLC,,CHNOLO
1691,unknown,,O-SEAL DIVISION,NEWGATE ON,,,,,,,E
1692,unknown,,7664 PANASONIC WAY,17 CONNECT,SOUTH DRIVE,DRIVE,OUTH,,SOUTH DRIVE,,ICUT S
1693,unknown,,"SAN DIEGO, CA 92154",EAST GRANB,0602674,74,06026,,0602674,,"Y, CT"
1695,unknown,,,,860-653-01,860-6,,53-01,860-653-01,,
1696,0,,,,,,,,,0,
1697,unknown,X     X,ST WAY,047782345  N,PROX             BE,,PROX,B,PROX             BE,,ET 60
1698,-,,          ,05/23/12,JD   JOHN DEUGEN  ,JOHN D,JD,EUGEN,JD   JOHN DEUGEN  ,-,O
1699,0,,,,,,,,,0,
1701,0,C910012      9.7500      682.50,05/29/12 155 -64C9 08,01   70.0 EA,419,,19,,419,0,6904
1702,unknown,,RESSURE,,AL E-RING EXTERNAL P,ING EX,L E-R,TERNAL,AL E-RING EXTERNAL P,,META
1703,If,,"en facility, the",this PO is,ing to our North Hav,our N,ng to,orth Ha,ing to our North Hav,If,shippi
1704,Su,,ies,pplier Speci,ion PU741010033 appl,741010,on PU,033 app,ion PU741010033 appl,Su,ficati
1705,unknown,,,***,REV -      SQR,S,EV -,QR,REV -      SQR,,DWG R
1723,unknown,TOTAL     682.50,,,,,,,,,
1724,1,,,,,,,,,1,
1725,1,1,,,,,,,,1,
1726,0,,PARKER HANNIFIN CORPORATION,,,,,,,0,
1727,unknown,,O-SEAL DIVISION,,(619) 661-7000,661-70,619),00,(619) 661-7000,,PH# (
1728,unknown,14210-000      000   05/23/12,7664 PANASONIC WAY,,(619) 671-3208,671-32,619),08,(619) 671-3208,,FAX (
1729,unknown,,"SAN DIEGO, CA 92154",,,,,,,,
1730,-,,,,,,,,,-,
1731,unknown,,PARKER HANNIFIN CORPORATION,JOINING TE,OGIES  LLC,LLC,GIES,,OGIES  LLC,,CHNOLO
1732,unknown,,O-SEAL DIVISION,NEWGATE ON,,,,,,,E
1733,unknown,,7664 PANASONIC WAY,17 CONNECT,SOUTH DRIVE,DRIVE,OUTH,,SOUTH DRIVE,,ICUT S
1734,unknown,,"SAN DIEGO, CA 92154",EAST GRANB,0602674,74,06026,,0602674,,"Y, CT"
1736,unknown,,,,860-653-01,860-6,,53-01,860-653-01,,
1737,0,,,,,,,,,0,
1738,unknown,X     X,ST WAY,047782345  N,PROX             BE,,PROX,B,PROX             BE,,ET 60
1739,-,,          ,05/23/12,JD   JOHN DEUGEN  ,JOHN D,JD,EUGEN,JD   JOHN DEUGEN  ,-,O
1740,0,,,,,,,,,0,
1742,0,C910012      9.7500      633.75,05/28/12 155 -64C9 08,01   65.0 EA,418,,18,,418,0,6904
1743,unknown,,RESSURE,,AL E-RING EXTERNAL P,ING EX,L E-R,TERNAL,AL E-RING EXTERNAL P,,META
1744,If,,"en facility, the",this PO is,ing to our North Hav,our N,ng to,orth Ha,ing to our North Hav,If,shippi
1745,Su,,ies,pplier Speci,ion PU741010033 appl,741010,on PU,033 app,ion PU741010033 appl,Su,ficati
1746,unknown,,,***,REV -      SQR,S,EV -,QR,REV -      SQR,,DWG R
1764,unknown,TOTAL     633.75,,,,,,,,,
1765,1,,,,,,,,,1,
