ID,FORMID,LEVELID,COLN,LENGTH,TYPE
2,5,1,page,Added form bank_statement,
3,5,1,statementperiod1,Added form bank_statement,
4,5,1,statementperiod2,Added form bank_statement,
5,5,1,statementperiod3,Added form bank_statement,
6,5,1,Name,Added form bank_statement,
7,5,1,Description1,Added form bank_statement,
8,5,1,Address1,Added form bank_statement,
9,5,1,Description2,Added form bank_statement,
10,5,1,Address2,Added form bank_statement,
11,5,1,Description3,Added form bank_statement,
12,5,1,Address3,Added form bank_statement,
13,5,1,Address4,Added form bank_statement,
14,5,1,TaxId,Added form bank_statement,
15,5,1,Detail,Added form bank_statement,
16,5,1,line,Added form greenbar,
17,,1,Global, ,
18,5,1,greenbar_text,Added form greenbar_legal,
19,,1,patient_name, ,
20,,2,Current Balance, ,
21,,2,0-30, ,
22,,2,30-60, ,
23,,2,60-90, ,
24,,2,Balance, ,
25,5,1,statement_date,Added form detailbill,
26,5,1,guarantor_line1,Added form detailbill,
27,5,1,guarantor_line2,Added form detailbill,
28,5,1,guarantor_line3,Added form detailbill,
29,5,1,patient_number,Added form detailbill,
30,5,1,admit_date,Added form detailbill,
31,5,1,discharge_date,Added form detailbill,
32,5,1,guarantor_line4,Added form detailbill,
33,5,1,insurance_company_code_line1,Added form detailbill,
34,5,1,insurance_company_id_number_line1,Added form detailbill,
35,5,1,policy_number_line1,Added form detailbill,
36,5,1,claim_number_line1,Added form detailbill,
37,5,1,insurance_company_code_line2,Added form detailbill,
38,5,1,insurance_company_id_line2,Added form detailbill,
39,5,1,policy_number_line2,Added form detailbill,
40,5,1,claim_number_line2,Added form detailbill,
41,5,1,insurance_company_code_line3,Added form detailbill,
42,5,1,insurance_company_id_line3,Added form detailbill,
43,5,1,policy_number_line3,Added form detailbill,
44,5,1,claim_number_line3,Added form detailbill,
45,5,1,description,Added form detailbill,
46,5,1,code,Added form detailbill,
47,5,1,units,Added form detailbill,
48,5,1,charges,Added form detailbill,
49,5,1,credits,Added form detailbill,
50,5,1,blank,Added form detailbill,
51,5,1,extended_charges,Added form detailbill,
52,5,1,patient_name2,Added form detailbill,
53,5,1,charges_column_total,Added form detailbill,
54,5,1,credits_column_total,Added form detailbill,
55,5,1,blank_column_total,Added form detailbill,
56,5,1,extended_column_total,Added form detailbill,
57,5,1,j_page,Added form jewelry_invoice,
58,5,1,jadd_11,Added form jewelry_invoice,
59,5,1,jadd_12,Added form jewelry_invoice,
60,5,1,jadd_13,Added form jewelry_invoice,
61,5,1,jadd_14,Added form jewelry_invoice,
62,5,1,j_invoicenum,Added form jewelry_invoice,
63,5,1,jadd_21,Added form jewelry_invoice,
64,5,1,jadd_22,Added form jewelry_invoice,
65,5,1,jadd_23,Added form jewelry_invoice,
66,5,1,jadd_24,Added form jewelry_invoice,
67,5,1,jadd_31,Added form jewelry_invoice,
68,5,1,jadd_32,Added form jewelry_invoice,
69,5,1,jadd_33,Added form jewelry_invoice,
70,5,1,jadd_34,Added form jewelry_invoice,
71,5,1,jcustnum,Added form jewelry_invoice,
72,5,1,jadd_41,Added form jewelry_invoice,
73,5,1,jadd_42,Added form jewelry_invoice,
74,5,1,jadd_43,Added form jewelry_invoice,
75,5,1,jadd_44,Added form jewelry_invoice,
76,5,1,jshipinfo,Added form jewelry_invoice,
77,5,1,jstorenum,Added form jewelry_invoice,
78,5,1,jdate,Added form jewelry_invoice,
79,5,1,jdate1,Added form jewelry_invoice,
80,5,1,jdate2,Added form jewelry_invoice,
81,5,1,jdate3,Added form jewelry_invoice,
82,5,1,jterms,Added form jewelry_invoice,
83,5,1,jnumber,Added form jewelry_invoice,
84,5,1,jitemline,Added form jewelry_invoice,
85,5,1,jgrossinvoice,Added form jewelry_invoice,
86,5,1,jmarkup,Added form jewelry_invoice,
87,5,1,jshipchg,Added form jewelry_invoice,
88,5,1,jstatus,Added form jewelry_invoice,
89,5,1,jnetinvoice,Added form jewelry_invoice,
90,5,1,textline,Added form phone_page1,
91,5,1,eheader,Added form electric_invoice,
92,5,1,etype,Added form electric_invoice,
93,5,1,elocatornum,Added form electric_invoice,
94,5,1,efrom1,Added form electric_invoice,
95,5,1,efrom2,Added form electric_invoice,
96,5,1,efrom3,Added form electric_invoice,
97,5,1,efrom4,Added form electric_invoice,
98,5,1,etrack1,Added form electric_invoice,
99,5,1,etrack2,Added form electric_invoice,
100,5,1,edate1,Added form electric_invoice,
101,5,1,edate2,Added form electric_invoice,
102,5,1,einvtype,Added form electric_invoice,
103,5,1,eorigin,Added form electric_invoice,
104,5,1,eadd11,Added form electric_invoice,
105,5,1,eadd12,Added form electric_invoice,
106,5,1,eadd13,Added form electric_invoice,
107,5,1,eadd14,Added form electric_invoice,
108,5,1,eadd21,Added form electric_invoice,
109,5,1,eadd22,Added form electric_invoice,
110,5,1,eadd23,Added form electric_invoice,
111,5,1,eadd24,Added form electric_invoice,
112,5,1,elabel1,Added form electric_invoice,
113,5,1,elabel2,Added form electric_invoice,
114,5,1,enum1,Added form electric_invoice,
115,5,1,enum2,Added form electric_invoice,
116,5,1,enum3,Added form electric_invoice,
117,5,1,eitemline,Added form electric_invoice,
118,5,1,einvoicetotal,Added form electric_invoice,
119,5,1,ediscount,Added form electric_invoice,
120,5,1,epaidby,Added form electric_invoice,
121,5,1,edueby,Added form electric_invoice,
122,5,1,efooter,Added form electric_invoice,
123,,1,Actual Balance, ,
124,,1,Debit Amount, ,
125,,1,Transaction Description, ,
126,,1,Journal Type, ,
129,,3,G/L Date, ,mdy
130,,1,Credit Amount, ,
131,,1,Account Number, ,
132,,0,psi320,,
133,,0,psi330,,
134,,0,psi340,,
135,,0,psi10,,
136,,0,psi20,,
137,,0,psi30,,
138,,0,psi40,,
139,,0,psi50,,
140,,0,psi60,,
141,,0,psi70,,
142,,0,psi80,,
143,,0,psi90,,
144,,0,psi100,,
145,,0,psi110,,
146,,0,psi120,,
147,,0,psi130,,
148,,0,psi140,,
149,,0,psi150,,
150,,0,psi160,,
151,,0,psi180,,
152,,0,psi170,,
153,,0,psi200,,
154,,0,psi190,,
155,,0,psi220,,
156,,0,psi210,,
157,,0,psi240,,
158,,0,psi230,,
159,,0,psi250,,
160,,0,psi260,,
161,,0,psi270,,
162,,0,psi280,,
163,,0,psi290,,
164,,0,psi300,,
165,,0,psi310,,
166,,0,app_dir,,
167,,0,text,,
